scale0,scale1,samples,x1,x2
0,0,0,-0.186698151,22.42175699
0,0,0,-0.353926957,22.56335052
0,0,0,-0.415670264,22.09181761
0,0,0,-0.823684842,22.84738195
0,0,0,-0.037348347,21.89407652
0,0,0,-0.419467407,22.34710411
0,0,0,-0.27231807,23.22356995
0,0,0,-0.259941401,22.88665513
0,0,0,0.038710976,22.68474315
0,0,0,0.161198939,22.6182127
0,0,0,0.099350028,22.29167619
0,0,0,0.550109338,22.62286516
0,0,0,0.406952065,22.44956181
0,0,0,-0.293065263,23.08395872
0,0,0,-0.305404121,21.93080913
0,0,0,0.195925785,21.72176797
0,0,0,0.198934394,23.0166866
0,0,0,-0.10197527,23.50381258
0,0,0,0.202249947,22.44066837
0,0,0,0.588844001,22.77250674
0,0,0,0.48077737,22.39427147
0,0,0,-0.110984965,22.38755499
0,0,0,-0.048215768,22.01697109
0,0,0,0.987836994,21.41098066
0,0,0,-0.337935687,22.82231225
0,0,0,0.672313903,22.67766598
0,0,0,-0.046933715,22.18112728
0,0,0,0.011353204,23.16382384
0,0,0,-0.144012755,22.72304781
0,0,0,-0.641423268,22.05641294
0,0,0,-0.24369977,22.8705353
0,0,0,0.315460117,23.53056675
0,0,0,0.500841123,22.35326996
0,0,0,-0.00284184,23.20314983
0,0,0,-0.163559213,22.68518675
0,0,0,-1.133401332,22.72090942
0,0,0,0.040290454,22.42965279
0,0,0,0.343206209,23.23683837
0,0,0,-0.108966786,22.17898937
0,0,0,0.102001064,22.81518406
0,0,0,0.169916309,21.89739718
0,0,0,0.270720878,23.03372733
0,0,0,0.516124329,22.3272694
0,0,0,0.360087072,22.54068691
0,0,0,-1.173195125,22.71842703
0,0,0,-0.099571137,22.85910289
0,0,0,-0.568752488,22.34313882
0,0,0,-0.083607367,22.83046039
0,0,0,0.213236716,22.77978475
0,0,0,-0.051782085,21.96265557
0,0,0,-0.714467357,22.1249943
0,0,0,0.1397739,22.1899891
0,0,0,0.218367618,23.02413185
0,0,0,0.166193836,22.5332257
0,0,0,1.188072915,22.07002092
0,0,0,-0.426757791,22.15857856
0,0,0,0.252129276,22.40435803
0,0,0,-0.536613195,22.26297443
0,0,0,0.042664655,22.29611678
0,0,0,-0.596227901,23.6870685
0,0,0,-0.815650574,22.59306447
0,0,0,0.038561017,22.6005775
0,0,0,0.094794381,22.79949231
0,0,0,0.307804225,22.62510422
0,0,0,0.096535391,22.68620403
0,0,0,0.08153002,22.73505227
0,0,0,-0.907625666,22.33431316
0,0,0,-0.06140102,22.57034568
0,0,0,0.282253783,22.43816464
0,0,0,0.313416881,22.92723984
0,0,0,0.40511725,22.83153937
0,0,0,-0.285722062,22.49251417
0,0,0,-0.425767745,22.79102591
0,0,0,-0.158723226,22.49323854
0,0,0,-0.389181061,22.24051971
0,0,0,-0.223774853,22.20046142
0,0,0,-0.43271929,22.07240412
0,0,0,-0.04217165,22.54612294
0,0,0,0.375755492,23.137123
0,0,0,-0.011916656,22.58056846
0,0,0,-0.69343724,22.33215487
0,0,0,0.426582089,23.48295174
0,0,0,-0.761148537,22.65169685
0,0,0,0.510955069,22.5347487
0,0,0,0.242417338,22.28282261
0,0,0,0.239607176,22.75877205
0,0,0,-0.402950502,21.72829233
0,0,0,0.034534243,22.22605568
0,0,0,-0.135960897,21.90264421
0,0,0,-0.603035893,22.12388761
0,0,0,0.811349476,22.38949463
0,0,0,0.162098816,23.02965352
0,0,0,-0.149516097,22.36668193
0,0,0,-0.733104385,21.88052828
0,0,0,-0.036569902,22.42011802
0,0,0,-0.330567625,22.42045541
0,0,0,-0.57726422,22.49575856
0,0,0,0.35048434,22.59688994
0,0,0,0.350597659,22.76697659
0,0,0,-0.369038469,22.04500279
0,0,1,0.301562121,23.7942839
0,0,1,-0.544759679,22.90466966
0,0,1,-0.543988013,25.23853542
0,0,1,0.066472697,24.91026169
0,0,1,0.432743354,23.40920767
0,0,1,-0.917701246,23.12325982
0,0,1,-0.818087275,24.9317703
0,0,1,0.071010938,25.56236691
0,0,1,0.626826083,24.79058599
0,0,1,-0.94551146,23.11301748
0,0,1,0.205514728,24.6224936
0,0,1,-1.235828528,24.80670652
0,0,1,-0.274494554,23.0458055
0,0,1,-0.348326221,24.76566333
0,0,1,-0.547447897,23.59222581
0,0,1,1.028253653,24.1952845
0,0,1,1.936628512,23.06289743
0,0,1,-0.416687042,23.6406954
0,0,1,-0.443382738,24.52786253
0,0,1,0.229417444,24.38556813
0,0,1,-0.063821079,23.97290167
0,0,1,1.356443539,23.50065843
0,0,1,1.065490158,23.55986521
0,0,1,-1.363199682,23.1693789
0,0,1,-0.570544833,23.83949477
0,0,1,-1.463080485,23.72530281
0,0,1,-0.696861247,23.1433195
0,0,1,0.477783347,23.32172025
0,0,1,-1.238348795,24.14559911
0,0,1,0.423780606,25.07564069
0,0,1,1.417743413,22.99233941
0,0,1,-0.991686739,24.07118004
0,0,1,-0.106210133,24.50710389
0,0,1,1.11847637,23.23745947
0,0,1,0.255209715,24.85550257
0,0,1,0.298954795,23.74685997
0,0,1,0.617858067,25.01043891
0,0,1,0.495524257,23.35614229
0,0,1,-0.608971928,23.91603943
0,0,1,0.706105229,23.41304715
0,0,1,0.424441953,24.11270831
0,0,1,-0.363179463,22.89823924
0,0,1,-0.099271688,24.7164143
0,0,1,-0.431035177,24.43729601
0,0,1,-0.362644593,24.39440694
0,0,1,-0.440604401,24.00513681
0,0,1,-1.177010133,24.46987489
0,0,1,-0.816166311,23.11545513
0,0,1,-0.075471239,24.36791944
0,0,1,-0.680480527,24.43058194
0,0,1,0.407345331,23.73934548
0,0,1,-0.491396862,23.1946247
0,0,1,-0.317489367,24.22275667
0,0,1,-0.24672465,24.47142713
0,0,1,1.654983937,25.30476994
0,0,1,-0.094494489,25.90773063
0,0,1,0.873805922,23.47398212
0,0,1,0.204878848,23.8857704
0,0,1,-0.970641046,22.9855463
0,0,1,0.566257891,24.79628565
0,0,1,-0.455770544,23.09925068
0,0,1,0.121677657,24.26967329
0,0,1,-0.592458653,24.71323158
0,0,1,1.261189713,25.35784819
0,0,1,-0.902318093,24.09743203
0,0,1,-0.005606252,23.88540044
0,0,1,-0.593444229,23.85013201
0,0,1,0.291341996,23.74404271
0,0,1,-0.257135535,23.77871785
0,0,1,-0.006234643,24.26206196
0,0,1,1.235395533,23.39321289
0,0,1,0.325824527,23.8188387
0,0,1,0.449143861,24.34322008
0,0,1,-0.42788515,23.78972666
0,0,1,0.251491343,24.07782718
0,0,1,-0.021155214,23.64334443
0,0,1,0.22015406,23.45950996
0,0,1,0.596575772,22.11824607
0,0,1,-0.611485972,23.78045374
0,0,1,-0.43112123,24.18484607
0,0,1,0.546977942,23.18280241
0,0,1,-0.492628711,23.12204453
0,0,1,-0.828532146,23.21934526
0,0,1,-0.105125472,24.67335912
0,0,1,-0.681119244,24.86857199
0,0,1,0.195707563,23.61974602
0,0,1,0.371332825,23.02312597
0,0,1,1.019255141,24.2013106
0,0,1,0.042447761,23.99270998
0,0,1,-0.103103667,24.80803643
0,0,1,0.611341419,24.12516587
0,0,1,1.189391764,22.51856745
0,0,1,-0.570894994,23.06898723
0,0,1,-0.651105398,23.92597181
0,0,1,-1.027297218,23.69883794
0,0,1,-0.909851329,24.37452555
0,0,1,0.939027998,25.43458948
0,0,1,-1.168476126,23.71409054
0,0,1,-1.302957723,25.32671933
0,0,1,1.826909575,23.38843371
0,0,1,-0.400270173,23.24027267
0,0,1,-0.067428432,23.08543084
0,0,1,-1.338021747,23.74043093
0,0,1,-0.059767618,22.48238235
0,0,1,1.241016349,24.29364895
0,0,1,1.16996549,24.15255648
0,0,1,0.72513335,23.50065368
0,0,1,0.760531795,23.69028946
0,0,1,-0.348227602,24.42815674
0,0,1,-0.718999011,23.00284995
0,0,1,1.156637013,23.61580554
0,0,1,-1.747605143,24.53027041
0,0,1,-0.076579575,24.16711662
0,0,1,1.006086721,24.03239693
0,0,1,0.507613645,23.71693752
0,0,1,-0.326092483,24.64661124
0,0,1,1.248069337,23.14806292
0,0,1,-0.272768357,23.65933284
0,0,1,-1.609579529,24.36404457
0,0,1,-0.46007417,23.96816841
0,0,1,0.592531444,23.4211982
0,0,1,-0.374297169,25.1670626
0,0,1,0.04978953,23.52323725
0,0,1,0.315037901,23.57008288
0,0,1,-0.64388071,23.9393618
0,0,1,0.684268266,24.33097738
0,0,1,-0.204473221,24.17174833
0,0,1,0.090629135,24.41116649
0,0,1,-0.610126927,25.37483171
0,0,1,0.555291937,23.09879259
0,0,1,-0.486827786,23.55822244
0,0,1,-0.156388671,24.50657522
0,0,1,0.264353228,24.61760064
0,0,1,-0.34674821,23.92231238
0,0,1,0.164749828,24.79754801
0,0,1,0.716210479,23.50967187
0,0,1,-0.746924153,24.29174007
0,0,1,-1.811108511,23.47128131
0,0,1,1.709139373,24.52501914
0,0,1,0.875811986,23.72482345
0,0,1,1.454467766,24.20561365
0,0,1,-0.140292145,24.53635297
0,0,1,0.254194915,23.30396764
0,0,1,-0.987334026,23.41550032
0,0,1,0.093910336,23.80718837
0,0,1,-0.446948846,24.87717399
0,0,1,-0.743421358,24.24219428
0,0,1,-1.551362965,25.06530214
0,0,1,-0.629746524,23.43971547
0,0,1,0.782218896,23.44713376
0,0,1,-0.70248418,23.19374761
0,0,1,0.598785115,23.23078516
0,0,1,1.271493124,24.81285474
0,0,1,0.531982728,23.07289911
0,0,1,-0.120174581,24.47666926
0,0,1,0.268958943,24.18533361
0,0,1,0.085178775,23.25121739
0,0,1,0.399673873,23.39542736
0,0,1,-0.580207555,22.52946387
0,0,1,1.863396211,23.92664527
0,0,1,-0.31334389,23.41801629
0,0,1,0.42234284,22.06408248
0,0,1,-1.333841169,23.1403127
0,0,1,-0.477478703,25.76332106
0,0,1,-0.694240327,24.27622083
0,0,1,0.570938265,24.99985805
0,0,1,-0.277586404,24.31504905
0,0,1,-0.593686668,25.39685478
0,0,1,-0.511221503,24.30106226
0,0,1,-0.627401912,24.56535569
0,0,1,1.722203047,25.05345225
0,0,1,0.548495961,23.4025721
0,0,1,-0.505490602,23.66692342
0,0,1,0.0702866,24.60774979
0,0,1,-0.556824521,23.43887853
0,0,1,-0.859235769,24.83419356
0,0,1,0.758069571,23.39966211
0,0,1,0.013761966,24.73001531
0,0,1,0.295379918,23.72882068
0,0,1,0.649783885,23.53359943
0,0,1,-0.292723238,23.81345238
0,0,1,-0.278213155,22.63962583
0,0,1,0.693645534,23.55161521
0,0,1,-0.238981511,23.87900249
0,0,1,-1.892508863,24.7676189
0,0,1,0.505389092,25.11301696
0,0,1,-0.709696477,23.49544348
0,0,1,-1.076708121,23.20967457
0,0,1,-0.497313963,25.055594
0,0,1,0.551276379,24.09218753
0,0,1,-1.008768052,23.07978006
0,0,1,-0.257332686,22.35405557
0,0,1,-0.129932278,25.01962502
0,0,1,0.50603941,24.26657732
0,0,1,-0.659026676,24.06389161
0,0,1,0.142150879,25.17484712
0,0,1,0.372195637,23.23864733
0,0,1,1.26311972,24.57620081
0,0,1,0.239509864,24.99197254
0,0,1,0.345964293,24.03941887
0,0,1,-0.258040604,22.77546754
0,0,1,-1.818833685,23.69504642
0,0,1,-1.326420546,23.56371708
0,0,1,-1.069833186,24.18392991
0,0,1,1.11231185,22.90578545
0,0,1,0.760912987,23.84528697
0,0,1,0.475272032,24.66861419
0,0,1,0.25234833,25.21619175
0,0,1,0.346536076,25.15942627
0,0,1,-0.03360683,24.32177138
0,0,1,0.434459612,23.64608329
0,0,1,0.945635675,24.27106657
0,0,1,-0.014726356,22.78228547
0,0,1,-1.511355508,24.64040088
0,0,1,0.864448793,23.93636347
0,0,1,-1.475937988,23.73484178
0,0,1,0.089699969,23.91961671
0,0,1,-1.02729353,22.51897071
0,0,1,0.262641602,23.68780444
0,0,1,0.959921699,25.1449939
0,0,1,-1.454958066,23.42591946
0,0,1,-1.491977854,24.04392785
0,0,1,-1.253956447,24.09084799
0,0,1,-0.010764738,24.0412033
0,0,1,-2.529058062,23.30520788
0,0,1,0.959306374,23.41912169
0,0,1,0.599653792,24.30677772
0,0,1,0.447582773,24.64053526
0,0,1,-0.173915721,24.56166372
0,0,1,0.690159095,22.45600543
0,0,1,0.186636195,24.18645434
0,0,1,-2.158644769,24.83577001
0,0,1,0.423790582,23.96178241
0,0,1,0.304957496,23.98405617
0,0,1,0.40858927,23.30556595
0,0,1,-0.827348099,23.28398006
0,0,1,0.232265222,24.69907127
0,0,1,-0.474065536,23.24943689
0,0,1,-0.552346844,23.56469617
0,0,1,-0.417465878,22.7220856
0,0,1,-0.822794357,22.10285054
0,0,1,-0.045028367,24.27492522
0,0,1,1.190880058,23.78343704
0,0,1,-0.327373169,22.91487276
0,0,1,1.84289194,23.54955251
0,0,1,-0.238254176,23.74579683
0,0,1,1.139221007,22.73984234
0,0,1,1.204610251,22.81514555
0,0,1,-0.376407437,24.54033996
0,0,1,-0.249128851,23.71752092
0,0,1,0.465424612,24.99184776
0,0,1,-0.546475299,25.37421823
0,0,1,-0.217725418,24.29451484
0,0,1,-0.960159141,22.67196477
0,0,1,-0.508159528,23.66212615
0,0,1,0.977842511,23.02927611
0,0,1,-0.357172877,22.48033172
0,0,1,0.206790121,22.98534547
0,0,1,-0.203395111,24.35830908
0,0,1,-0.468942505,23.52426823
0,0,1,-0.223727263,23.7927531
0,0,1,-2.169917158,23.84263969
0,0,1,0.513419226,24.45463812
0,0,1,-0.247349011,24.73724861
0,0,1,-0.343132956,23.53979163
0,0,1,-0.977473785,21.94085553
0,0,1,-1.087053734,24.71269003
0,0,1,-0.325251403,23.47174586
0,0,1,0.726981219,25.53573819
0,0,1,-0.075957976,23.97515016
0,0,1,-0.674066766,24.52294018
0,0,1,0.400931262,25.08743845
0,0,1,0.758207603,24.24478901
0,0,1,-1.04259333,23.39630651
0,0,1,-1.328797172,23.13322734
0,0,1,0.370559898,23.81089396
0,0,1,-0.007908875,22.29374138
0,0,1,0.855003296,24.23069477
0,0,1,-1.636671999,24.92155837
0,0,1,-0.623636963,25.10736366
0,0,1,-0.887692797,22.5951973
0,0,1,-1.322505256,23.85241767
0,0,1,0.649438143,22.32831654
0,0,1,-1.149022782,23.82950531
0,0,1,1.554244614,24.85038703
0,0,1,-0.716929935,24.30916951
0,0,1,0.147103496,23.06821003
0,0,1,-0.220346256,22.37813755
0,0,1,0.556794451,23.67878232
0,0,1,-0.387276964,23.28218357
0,0,1,-0.01741594,24.18461653
0,0,1,1.033572451,24.34282566
0,0,1,0.917788343,25.40771071
0,0,1,1.924785961,25.30848332
0,0,1,1.068821218,25.22660383
0,0,1,0.645163155,24.35602001
0,0,1,-0.166497039,24.14520047
0,0,1,2.232106975,23.48150272
0,0,1,-0.223980984,24.5489665
0,0,1,-0.152597124,24.68960635
0,0,1,-0.220121671,23.59953936
0,0,1,-0.290378212,24.89874583
0,0,1,0.083524266,23.53559285
0,0,1,-1.034987021,24.30945213
0,0,1,-2.501309408,23.82798067
0,0,1,-0.607363213,25.09984375
0,0,1,0.873780575,22.82928139
0,0,1,0.107305551,24.17740371
0,0,1,0.783198976,21.63611275
0,0,1,-0.388479039,24.303297
0,0,1,0.585344917,21.45345238
0,0,1,-0.71930741,24.6340794
0,0,1,0.355954785,24.98442652
0,0,1,1.855629295,23.01353114
0,0,1,0.457473655,23.27535631
0,0,1,0.69443551,23.38165438
0,0,1,-1.026692054,22.56714943
0,0,1,0.302207562,23.40620381
0,0,1,0.243030598,23.8695118
0,0,1,1.062167211,22.35125929
0,0,1,-0.684795755,23.53902915
0,0,1,0.811628037,24.02229439
0,0,1,-0.064732889,23.02697313
0,0,1,0.156912205,24.82033178
0,0,1,-0.610519989,23.56185003
0,0,1,1.469593475,24.31822714
0,0,1,0.458750733,24.79003818
0,0,1,1.156294868,23.7257642
0,0,1,-0.089975067,23.72596636
0,0,1,0.260815917,24.96947556
0,0,1,-0.370800858,24.54990313
0,0,1,0.045924072,25.49299533
0,0,1,0.609081621,23.22247869
0,0,1,0.362757751,23.10987091
0,0,1,0.072465854,23.75287226
0,0,1,-0.471198996,24.24125853
0,0,1,0.433262821,22.567288
0,0,1,-0.756008962,24.34261133
0,0,1,0.103060521,23.87277453
0,0,1,0.765404796,23.72921859
0,0,1,0.721152156,24.66262836
0,0,1,0.435062412,22.62171221
0,0,1,-1.298685408,23.97821304
0,0,1,0.945132355,23.72472387
0,0,1,0.705574761,23.7417748
0,0,1,0.159413169,24.10202069
0,0,1,-0.005683317,25.56677464
0,0,1,2.002990762,25.16665777
0,0,1,0.59722038,24.31980451
0,0,1,1.633444999,24.93736217
0,0,1,-0.167402618,22.73016325
0,0,1,0.576035126,23.12310485
0,0,1,-0.299063274,24.62491693
0,0,1,-1.862959725,22.4311647
0,0,1,0.641378068,24.53505723
0,0,1,-1.577175761,25.04046229
0,0,1,0.494852286,23.50363821
0,0,1,0.033139245,23.93259882
0,0,1,0.328493812,22.78906814
0,0,1,-1.022018004,23.8829356
0,0,1,-0.015681754,24.67960948
0,0,1,0.647299136,24.30301827
0,0,1,-0.375572075,23.2503822
0,0,1,0.370020149,24.41375041
0,0,1,0.357551642,24.71260386
0,0,1,0.373186271,22.00426427
0,0,1,-1.534439325,22.23943783
0,0,1,0.938146059,24.03749409
0,0,1,1.037685702,23.53874653
0,0,1,0.920325093,23.99344027
0,0,1,1.327202021,23.87995184
0,0,1,-1.07377508,24.09452281
0,0,1,-0.787238304,22.90448436
0,0,1,-1.63484137,22.88154653
0,0,1,-0.101836386,24.52563076
0,0,1,0.083187706,24.8944789
0,0,1,-0.932803681,24.68807356
0,0,1,0.683578674,24.16505344
0,0,1,-0.492326797,23.02656189
0,0,1,0.046936961,23.97637119
0,0,1,-0.19208174,23.1453724
0,0,1,-0.925769061,25.48048822
0,0,1,-1.598342123,23.57634064
0,0,1,-0.778027499,23.59383792
0,0,1,-1.158210322,24.21974608
0,0,1,-0.332320551,22.89850266
0,0,1,-0.094734825,22.69948013
0,0,1,-1.16272908,23.52025059
0,0,1,0.894995727,24.96844017
0,0,1,1.515562343,24.73885086
0,0,1,1.10305442,22.99394129
0,0,1,-0.171123719,24.46608076
0,0,1,-1.106881294,23.7409965
0,0,1,1.138578061,24.7100216
0,0,1,-0.544585683,25.01301031
0,0,1,1.000322044,23.9784056
0,0,1,0.013535772,25.77049435
0,0,1,0.243754417,24.31254026
0,0,1,-0.21422675,22.9030207
0,0,1,1.512498983,24.60281875
0,0,1,0.327237853,24.08592672
0,0,1,0.379207239,24.16597551
0,0,1,-0.435145782,24.22888007
0,0,1,-0.167633333,25.30493469
0,0,1,-1.145186313,24.38010686
0,0,1,0.968752666,24.97587663
0,0,1,1.028630701,21.60800577
0,0,1,-0.532718437,24.43585811
0,0,1,0.01312266,24.78054149
0,0,1,-0.539807399,25.1452178
0,0,1,0.583426881,24.56208831
0,0,1,0.015389097,25.34612608
0,0,1,0.220368721,24.27806291
0,0,1,0.643075638,24.46179289
0,0,1,0.186539592,24.19325894
0,0,1,-0.393998119,25.25056922
0,0,1,0.658680993,25.30710067
0,0,1,0.179096428,23.21035651
0,0,1,0.728483017,23.63333758
0,0,1,1.415009512,23.85176572
0,0,1,0.34422081,23.23448172
0,0,1,-0.031411424,25.07409991
0,0,1,0.392765271,23.67042402
0,0,1,0.192269268,23.90550117
0,0,1,-0.126099434,25.1828972
0,0,1,-1.247878241,24.06221947
0,0,1,-0.100830083,23.80540867
0,0,1,-0.922356774,23.70752717
0,0,1,-0.145784595,23.226734
0,0,1,0.926049275,23.9003967
0,0,1,-0.044630947,24.1738482
0,0,1,0.272272963,23.51767539
0,0,1,0.979929297,22.03057877
0,0,1,0.663466126,23.26040228
0,0,1,0.553455267,24.04265829
0,0,1,-0.47200171,24.87190898
0,0,1,0.208821407,24.96771449
0,0,1,-0.046180863,24.30378456
0,0,1,-0.641439974,25.53044965
0,0,1,0.508081795,23.773027
0,0,1,0.666374469,23.5773546
0,0,1,-0.103321399,22.13627792
0,0,1,0.569900217,23.35825046
0,0,1,-0.344785702,25.45772401
0,0,1,0.403552905,22.63560576
0,0,1,-0.086698401,25.3057744
0,0,1,0.870593231,22.82707351
0,0,1,1.650405043,23.94449718
0,0,1,-0.23329704,24.38479955
0,0,1,1.507960862,23.07855877
0,1,0,-2.079166947,17.52407758
0,1,0,-1.577106922,19.06915892
0,1,0,-1.81412736,18.99053034
0,1,0,-1.940038557,18.30872632
0,1,0,-1.943171821,19.16502376
0,1,0,-2.811875046,19.19873246
0,1,0,-2.187656657,19.04082367
0,1,0,-2.740608725,18.5566271
0,1,0,-2.688657197,19.13369149
0,1,0,-2.488173113,18.77901716
0,1,0,-2.430313581,18.90250245
0,1,0,-2.221943776,18.83561081
0,1,0,-2.177024603,19.63557618
0,1,0,-2.403935644,19.05373071
0,1,0,-1.587159465,19.14649986
0,1,0,-2.359861039,18.63129306
0,1,0,-1.647084267,18.71397773
0,1,0,-2.122971354,18.94408546
0,1,0,-1.841912013,18.14520165
0,1,0,-2.090018498,18.06600982
0,1,0,-2.535618339,18.72389516
0,1,0,-2.610789181,17.79721231
0,1,0,-2.772740675,19.22440597
0,1,0,-2.194833226,18.89198836
0,1,0,-2.377847309,19.22059004
0,1,0,-2.092550629,18.27325262
0,1,0,-2.471901157,19.37079847
0,1,0,-2.261144451,18.69092313
0,1,0,-1.789485642,19.24213563
0,1,0,-1.968973109,19.03807839
0,1,0,-2.004709813,18.32551292
0,1,0,-2.348577782,18.76255808
0,1,0,-2.760781488,19.32856138
0,1,0,-2.480143944,19.35451506
0,1,0,-1.407024791,18.23369063
0,1,0,-1.97925692,18.61892637
0,1,0,-1.549884395,19.0205629
0,1,0,-1.44945499,18.7456638
0,1,0,-2.199416763,18.02170209
0,1,0,-2.31489517,19.02679048
0,1,0,-2.138969115,18.60192593
0,1,0,-2.181641462,18.96971164
0,1,0,-2.415031769,18.36753825
0,1,0,-1.98405705,17.99930587
0,1,0,-2.702107815,18.73887293
0,1,0,-2.249720874,18.53184487
0,1,0,-1.628652625,18.0964757
0,1,0,-2.371719609,19.16997397
0,1,0,-1.624297054,18.8016688
0,1,0,-2.092489456,19.1824425
0,1,0,-2.714574144,18.75371798
0,1,0,-2.243480996,18.23949919
0,1,0,-1.528117306,18.99686795
0,1,0,-2.057129055,17.99122451
0,1,0,-2.615188285,18.69793161
0,1,0,-2.56489939,18.54958693
0,1,0,-2.257568032,18.5054582
0,1,0,-1.907157346,18.39468533
0,1,0,-2.920548798,18.46239739
0,1,0,-1.585362465,19.15041882
0,1,0,-2.57841358,18.38205885
0,1,0,-1.776826454,19.231337
0,1,0,-2.537200255,18.65238448
0,1,0,-2.018366694,18.64218861
0,1,0,-1.725022982,19.03131496
0,1,0,-1.616133705,18.72539551
0,1,0,-1.612841921,19.13943895
0,1,0,-1.931282588,18.47785126
0,1,0,-2.026158219,19.30601108
0,1,0,-2.672841195,18.78338595
0,1,0,-1.570948823,18.15097632
0,1,0,-2.793345804,19.57344385
0,1,0,-2.424065923,18.97498166
0,1,0,-2.333697539,18.70238931
0,1,0,-2.298130183,18.4091656
0,1,0,-2.019554502,18.73753965
0,1,0,-2.124651724,19.60381097
0,1,0,-2.048902891,19.63443604
0,1,0,-1.922558293,17.99417028
0,1,0,-1.733734331,18.81830923
0,1,0,-1.767575193,18.87739189
0,1,0,-1.616753035,19.45864114
0,1,0,-1.582098159,18.95457311
0,1,0,-2.718287482,19.34354287
0,1,0,-2.227957694,18.57572269
0,1,0,-2.515769159,18.86769064
0,1,0,-2.626279793,18.55607591
0,1,0,-2.212269195,18.85678629
0,1,0,-2.651713637,18.45959233
0,1,0,-2.342268109,18.71483598
0,1,0,-1.907275368,18.81557306
0,1,0,-2.440551784,18.08267014
0,1,0,-2.260349569,19.13253346
0,1,0,-2.218304772,18.99251986
0,1,0,-2.645737495,19.2519077
0,1,0,-2.430280596,18.68088721
0,1,0,-2.175004365,18.77159785
0,1,0,-1.585402928,18.71564124
0,1,0,-1.971883631,18.74088093
0,1,0,-2.592234929,17.97485508
0,1,1,-2.948230513,18.41617731
0,1,1,-1.773274914,17.8485533
0,1,1,-3.198594515,16.91267003
0,1,1,-3.851231994,17.47966398
0,1,1,-4.025416836,16.84620875
0,1,1,-3.164662971,17.74390156
0,1,1,-3.982795268,17.44775822
0,1,1,-3.238106721,17.55306706
0,1,1,-3.471865757,19.15461999
0,1,1,-3.8231847,18.30239668
0,1,1,-5.061011395,19.72584039
0,1,1,-3.534494179,18.39737633
0,1,1,-2.713540321,17.18843929
0,1,1,-3.524817772,18.68862202
0,1,1,-3.327671483,17.86632085
0,1,1,-3.848524081,18.45095151
0,1,1,-3.601292007,18.20754318
0,1,1,-2.932694308,18.19571316
0,1,1,-4.042051823,20.29040094
0,1,1,-3.97967126,16.8658739
0,2,0,2.199667598,18.80660222
0,2,0,2.114130549,18.413736
0,2,0,2.449391037,18.85980108
0,2,0,1.562597989,17.8580655
0,2,0,2.669714011,18.65069908
0,2,0,2.852863684,19.208552
0,2,0,1.877060455,18.2745964
0,2,0,2.320062449,18.58578905
0,2,0,2.513379822,19.75872855
0,2,0,2.350112739,18.34744953
0,2,0,1.560984104,19.25066124
0,2,0,2.722842047,18.89874865
0,2,0,2.290932106,18.79938466
0,2,0,2.939526955,19.23509149
0,2,0,2.070444567,18.75065358
0,2,0,2.370428176,18.04314903
0,2,0,2.183076051,19.16071196
0,2,0,1.983406724,18.40941423
0,2,0,2.018370517,18.02989909
0,2,0,2.03324229,18.51703463
0,2,0,1.978280797,18.16438333
0,2,0,2.135890638,18.63540273
0,2,0,2.21059326,18.79424463
0,2,0,1.692618517,18.67153219
0,2,0,2.279895308,18.11388039
0,2,0,2.159925811,18.44241161
0,2,0,2.121504483,18.54805544
0,2,0,1.904889784,18.68305798
0,2,0,2.620624488,18.64860777
0,2,0,2.271092139,19.04365379
0,2,0,2.689377239,18.62822165
0,2,0,2.146847457,18.54545439
0,2,0,1.977872623,18.82810343
0,2,0,2.477332199,18.28423312
0,2,0,2.278900298,18.60101522
0,2,0,1.402659991,18.43959015
0,2,0,2.157574192,18.67639438
0,2,0,2.644415874,18.30199875
0,2,0,2.440084134,18.65558824
0,2,0,2.255383776,18.27830769
0,2,0,1.918518733,18.62242107
0,2,0,1.945017147,19.29023102
0,2,0,2.355757395,18.18818077
0,2,0,2.663855093,18.07329793
0,2,0,1.900552152,19.00530167
0,2,0,2.306365328,19.11438092
0,2,0,2.246393363,18.93909409
0,2,0,2.033107311,18.89637413
0,2,0,2.359616464,19.21356246
0,2,0,2.896269767,18.39381751
0,2,0,2.621475832,18.83254979
0,2,0,1.548056239,18.24156284
0,2,0,2.513570543,18.81855628
0,2,0,2.269829406,18.96038553
0,2,0,2.172016785,19.22038386
0,2,0,2.446656856,18.70301826
0,2,0,2.35427018,18.93254411
0,2,0,2.556032244,18.16137964
0,2,0,2.614032261,17.94279839
0,2,0,2.227830082,18.51796027
0,2,0,2.448010493,18.75977616
0,2,0,2.071459049,18.97149181
0,2,0,2.246365199,19.81945663
0,2,0,2.292935542,18.35799521
0,2,0,2.201584428,18.19251711
0,2,0,2.166096968,19.03107334
0,2,0,1.816031874,18.50040664
0,2,0,3.080892556,18.63359876
0,2,0,2.256476649,19.26494643
0,2,0,2.141617277,18.55720433
0,2,0,2.207461865,19.48132078
0,2,0,1.391299631,18.74379417
0,2,0,2.51593193,18.52389363
0,2,0,2.270186773,18.59403293
0,2,0,2.18775863,18.67697965
0,2,0,2.127459429,18.22300677
0,2,0,2.164346506,18.49577094
0,2,0,2.254991434,18.43151199
0,2,0,1.952173839,19.04237534
0,2,0,2.008499348,18.53074869
0,2,0,2.673987184,19.29337392
0,2,0,2.026144427,19.15659662
0,2,0,2.254596198,18.6165309
0,2,0,2.199211947,18.94225776
0,2,0,1.959108102,18.70212804
0,2,0,1.551490295,18.94616211
0,2,0,2.685211491,19.41792192
0,2,0,2.355631496,17.95997605
0,2,0,1.842030683,18.82039869
0,2,0,2.964208834,18.24790844
0,2,0,1.714484715,17.91170972
0,2,0,1.658189375,18.27804957
0,2,0,2.536289153,18.83928528
0,2,0,2.247589184,18.31591405
0,2,0,2.648192276,19.51263483
0,2,0,2.279842489,18.88282673
0,2,0,2.214097952,19.57233554
0,2,0,1.680254813,19.00417281
0,2,0,2.073463768,17.87331845
0,2,0,1.355495546,18.58928725
0,2,1,3.705181326,16.58017413
0,2,1,4.144286038,19.7783837
0,2,1,2.674130062,19.92914313
0,2,1,3.800768867,17.72916053
0,2,1,3.026633579,17.37933595
0,2,1,2.560519501,17.83439763
0,2,1,3.018099525,18.26712738
0,2,1,3.02598014,18.89284796
0,2,1,4.744063184,19.81690717
0,2,1,5.039909727,18.05254581
0,2,1,3.475223548,16.85326806
0,2,1,3.822541732,17.17843867
0,2,1,3.771325893,16.68407102
0,2,1,3.202170655,18.39833842
0,2,1,3.825681391,17.35338117
0,2,1,3.64904201,17.84916371
0,2,1,3.60594321,17.16966154
0,2,1,3.617579147,18.70972531
0,2,1,3.896521937,18.61644052
0,2,1,3.132812655,18.49534443
0,2,1,3.657302344,18.00773186
0,2,1,3.613762134,18.84302112
0,2,1,3.140589064,17.39182826
0,2,1,3.789296406,16.98410009
0,2,1,3.015849867,17.36731658
0,2,1,4.870370182,19.30564838
0,2,1,4.076276789,17.73700306
0,2,1,3.190326193,18.75526683
0,2,1,2.226216904,17.54889088
0,2,1,2.841878519,19.14311833
0,2,1,3.887538989,17.59329732
0,2,1,3.071606818,18.19187317
0,2,1,4.160642772,18.09716985
0,2,1,3.720799806,17.78602453
0,2,1,3.585305016,18.47122772
0,2,1,1.8482305,19.00950657
0,2,1,2.676952464,18.4267651
0,2,1,3.724130901,17.794593
0,2,1,3.166220753,18.30043283
0,2,1,3.959905449,19.35674294
0,2,1,3.018580588,18.59219505
0,2,1,1.712989887,19.14913051
0,2,1,4.599679783,16.83137039
0,2,1,2.823818813,17.92057811
0,2,1,2.685328775,18.50062394
0,2,1,3.41543094,18.07218441
0,2,1,2.779300749,18.54084902
0,2,1,4.180276246,18.37857993
0,2,1,4.494593768,17.48654273
0,2,1,2.941399034,17.72267961
0,2,1,3.931390874,18.32693815
0,2,1,3.04896729,18.56690963
0,2,1,3.754661527,19.17250967
0,2,1,3.938080711,20.06928792
0,2,1,4.486265966,17.5285892
0,2,1,4.305669171,17.94303809
0,2,1,2.392345208,18.06208812
0,2,1,2.433216836,18.46119982
0,2,1,2.9397522,17.85193926
0,2,1,1.817001906,18.09701147
0,2,1,4.521151385,17.01856193
0,2,1,3.618349377,18.05944304
0,2,1,1.697084396,17.70796947
0,2,1,2.73357267,18.28549774
0,2,1,3.317941824,18.23688614
0,2,1,3.276849659,19.35880127
0,2,1,2.975197085,17.71553079
0,2,1,4.299083938,17.74807155
0,2,1,4.467153231,16.8745408
0,2,1,2.890752771,16.24195092
0,2,1,5.858698992,17.58716885
0,2,1,2.504904594,18.39512879
0,2,1,4.196710498,16.89482687
0,2,1,3.972022306,17.31789368
0,2,1,3.392599612,17.74180209
0,2,1,2.074064898,17.98551913
0,2,1,4.808754065,18.55634368
0,2,1,4.18972383,18.12270043
0,2,1,5.3356545,18.35586713
0,2,1,4.436699909,18.43003252
0,2,1,1.851685814,18.82137664
0,2,1,4.372408999,17.78575349
0,2,1,3.659614366,17.96024425
0,2,1,4.430291069,17.50822518
0,2,1,3.209134734,17.97887224
0,2,1,4.879150529,19.0416972
0,2,1,4.010248114,18.50896699
0,2,1,1.821212395,18.68042873
0,2,1,2.378450864,18.01680414
0,2,1,3.331674356,17.71234491
0,2,1,4.308829124,16.83909593
0,2,1,2.557304947,18.60136333
0,2,1,3.724351674,17.70238511
0,2,1,4.178987847,17.42780867
0,2,1,2.728111009,16.45555958
0,2,1,4.685357944,19.4606756
0,2,1,4.325713301,17.1103002
0,2,1,3.20215475,16.95366361
0,2,1,4.297358306,18.86456562
0,2,1,3.684386516,17.66015818
0,2,1,3.691629795,18.72737654
0,2,1,4.469948203,17.92880296
0,2,1,2.768591333,16.95376048
0,2,1,3.953540482,17.57343849
0,2,1,2.056683985,18.42333617
0,2,1,2.910235125,18.87769874
0,2,1,3.798380699,18.48429455
0,2,1,3.470525517,18.31348921
0,2,1,4.810908646,17.54031447
0,2,1,4.645439555,19.05605966
0,2,1,3.465217185,18.35980794
0,2,1,4.498000222,18.31074704
0,2,1,3.761588376,18.05540589
0,2,1,3.067521681,16.59440497
0,2,1,3.546238713,19.81881931
0,2,1,5.277007597,18.00731496
0,2,1,4.779714729,17.65425959
0,2,1,3.630470482,17.06964466
0,2,1,2.033045047,17.62741669
0,2,1,2.092261624,19.98812521
0,2,1,4.048253318,17.85325693
0,2,1,3.391428793,17.58478039
0,2,1,3.276168223,17.4573019
0,2,1,3.063374915,19.07491491
0,2,1,3.833032915,18.17554017
0,2,1,3.121554313,17.69620197
0,2,1,4.913058292,18.80385396
0,2,1,4.012463996,17.74583553
0,2,1,3.940255253,18.6887986
0,2,1,3.4781618,17.36431726
0,2,1,2.790233158,18.00052891
0,2,1,3.274617465,17.87386055
0,2,1,3.126977739,17.2748988
0,2,1,2.113690212,16.61901564
0,2,1,1.754205532,17.51916647
0,2,1,2.674392597,19.64798763
0,2,1,3.875224252,18.81462607
0,2,1,3.786923709,18.54463098
0,2,1,2.303458924,18.66837919
0,2,1,4.319791798,18.54707914
0,2,1,4.363854942,18.47839397
0,2,1,3.804061587,17.31962026
0,2,1,3.639994463,18.33559741
0,2,1,3.525245557,18.85071648
0,2,1,2.673295289,16.79855247
0,2,1,3.895988107,18.35302033
0,2,1,3.310884045,16.5971206
0,2,1,5.801844652,17.71218587
0,2,1,2.705145648,18.21157983
0,2,1,3.275522571,19.33141239
1,3,0,-16.97284848,-7.116806734
1,3,0,-16.79918594,-7.736029274
1,3,0,-17.07458627,-7.579655431
1,3,0,-16.57704235,-7.405862551
1,3,0,-17.09762078,-7.6614434
1,3,0,-17.45579573,-7.205624944
1,3,0,-17.03428704,-7.51499686
1,3,0,-17.70872416,-7.159211515
1,3,0,-17.05656595,-7.514580404
1,3,0,-17.49988511,-7.411604662
1,3,0,-16.88514233,-7.429102343
1,3,0,-16.77981571,-7.300273989
1,3,0,-16.99006125,-7.041266222
1,3,0,-17.61213895,-7.534542216
1,3,0,-17.24790299,-7.216457504
1,3,0,-16.85437906,-7.579308799
1,3,0,-16.51164352,-7.395098021
1,3,0,-16.08005036,-8.076107852
1,3,0,-16.67984609,-7.799369598
1,3,0,-16.84981238,-7.256070356
1,3,0,-16.50224646,-7.96139976
1,3,0,-16.72112775,-7.220313021
1,3,0,-16.89288191,-7.585179022
1,3,0,-17.41522471,-7.248595501
1,3,0,-16.69234966,-7.311542278
1,3,0,-17.0110556,-8.163299648
1,3,0,-16.64132348,-6.997836976
1,3,0,-16.52461309,-7.395854807
1,3,0,-16.98639325,-7.727859029
1,3,0,-17.07569665,-7.675085331
1,3,0,-16.85453259,-7.925856433
1,3,0,-17.27064556,-7.723843674
1,3,0,-16.90405826,-7.686565091
1,3,0,-16.92711369,-7.186176371
1,3,0,-16.73318571,-7.478958705
1,3,0,-16.52347141,-8.05846153
1,3,0,-17.32626155,-7.728252564
1,3,0,-16.78067277,-7.514203482
1,3,0,-17.6775498,-7.743624308
1,3,0,-16.77618162,-7.522960606
1,3,0,-16.30585855,-7.662080263
1,3,0,-16.55858483,-8.15730741
1,3,0,-17.09723155,-6.641340679
1,3,0,-16.66830279,-7.559508282
1,3,0,-17.44773455,-7.477837506
1,3,0,-17.28811746,-8.007822538
1,3,0,-17.0162459,-7.449472055
1,3,0,-16.6293119,-7.07829323
1,3,0,-16.94232967,-7.689178721
1,3,0,-16.37590519,-6.670654362
1,3,0,-17.47077065,-7.70705688
1,3,0,-17.08411315,-6.829139683
1,3,0,-16.79820341,-6.61317392
1,3,0,-16.77230147,-7.538342762
1,3,0,-16.18456738,-6.964089019
1,3,0,-17.28585376,-7.657825791
1,3,0,-16.90130431,-7.313978636
1,3,0,-17.10933443,-7.51085963
1,3,0,-17.41553415,-6.937212825
1,3,0,-17.32229626,-7.186904703
1,3,0,-17.64034566,-8.257211013
1,3,0,-17.33092627,-7.968623005
1,3,0,-17.43210022,-7.860430417
1,3,0,-17.18759111,-8.207656052
1,3,0,-16.13201871,-7.802056262
1,3,0,-15.56014644,-8.023521194
1,3,0,-17.26275873,-7.701645758
1,3,0,-16.49544501,-7.527768749
1,3,0,-17.10783587,-7.52293863
1,3,0,-16.55766548,-7.918664968
1,3,0,-17.10448391,-7.744038363
1,3,0,-16.8163674,-7.57191313
1,3,0,-16.95916608,-7.501879727
1,3,0,-16.2414372,-7.358864796
1,3,0,-17.44514752,-7.290294576
1,3,0,-16.31551716,-7.589543065
1,3,0,-17.31348443,-7.893315764
1,3,0,-16.59964063,-7.214906464
1,3,0,-16.26031818,-7.292251202
1,3,0,-17.00155896,-7.791750188
1,3,0,-16.77024938,-7.933872885
1,3,0,-16.9372619,-7.738689806
1,3,0,-16.09061636,-7.4457573
1,3,0,-17.11618109,-7.495988177
1,3,0,-16.66957815,-7.659466056
1,3,0,-16.43922204,-7.457650097
1,3,0,-17.266531,-7.343979623
1,3,0,-17.07801133,-7.263239988
1,3,0,-16.1570886,-7.801985302
1,3,0,-16.97381455,-7.753740297
1,3,0,-17.16605536,-7.529988522
1,3,0,-17.4675406,-7.850157886
1,3,0,-16.58702172,-8.692747339
1,3,0,-17.05737585,-7.224498912
1,3,0,-17.41494882,-7.69797055
1,3,0,-16.90706078,-7.627164377
1,3,0,-16.539304,-7.73979971
1,3,0,-17.90470021,-7.662296965
1,3,0,-16.49138587,-7.453918154
1,3,0,-16.91885132,-7.617928452
1,3,1,-17.14740059,-6.86288319
1,3,1,-17.00525487,-5.901943715
1,3,1,-17.22853523,-6.934276717
1,3,1,-15.98827522,-5.262063755
1,3,1,-17.06237871,-5.179364342
1,3,1,-17.33851825,-6.454589796
1,3,1,-17.06304459,-6.019627574
1,3,1,-17.0862772,-6.378331811
1,3,1,-17.59173869,-5.971161128
1,3,1,-16.65158812,-5.85752521
1,3,1,-17.61304013,-6.487319785
1,3,1,-15.49290407,-7.857552759
1,3,1,-16.4748204,-5.219860358
1,3,1,-17.33426018,-4.891734991
1,3,1,-16.19316391,-6.213197848
1,3,1,-17.28666913,-7.036868309
1,3,1,-16.40142156,-5.996888755
1,3,1,-17.68884504,-5.748578281
1,3,1,-17.92342522,-4.91622544
1,3,1,-18.26393961,-8.164747962
1,3,1,-18.10783391,-6.132117467
1,3,1,-17.93899969,-6.881064167
1,3,1,-16.23619814,-5.693458534
1,3,1,-16.78217171,-6.514331579
1,3,1,-16.50698739,-6.931155965
1,3,1,-17.1573392,-6.082905543
1,3,1,-17.29421402,-7.725420028
1,3,1,-16.67515527,-6.004317466
1,3,1,-17.70467795,-6.267918119
1,3,1,-16.06793931,-6.457590597
1,3,1,-17.71304946,-5.856520358
1,3,1,-16.49317275,-8.240356208
1,3,1,-17.07234263,-6.67626953
1,3,1,-15.46602381,-6.680717339
1,3,1,-16.49262508,-6.207341962
1,3,1,-15.73114073,-5.844247438
1,3,1,-16.18003061,-6.543534435
1,3,1,-15.64928235,-8.34530398
1,3,1,-16.33368331,-4.638089506
1,3,1,-18.3220341,-6.590373429
1,3,1,-16.87749424,-7.065697245
1,3,1,-17.24874501,-6.913516747
1,3,1,-16.66357335,-6.525787088
1,3,1,-16.77400583,-6.118865129
1,3,1,-16.93664374,-5.664138975
1,3,1,-16.49738118,-5.873632141
1,3,1,-17.56548252,-5.124588419
1,3,1,-17.46158281,-5.880851317
1,3,1,-17.76505918,-4.320058949
1,3,1,-17.70123422,-5.560705846
1,3,1,-16.63101184,-4.5083181
1,3,1,-17.36423493,-6.392996172
1,3,1,-16.97157407,-5.250520251
1,3,1,-16.40353348,-6.437893067
1,3,1,-15.92685332,-5.882588321
1,3,1,-18.77998652,-5.655963741
1,3,1,-17.93253528,-5.64632016
1,3,1,-16.67322104,-4.959747898
1,3,1,-16.328449,-4.994198167
1,3,1,-16.66899327,-5.974438946
1,3,1,-14.94598518,-5.267242739
1,3,1,-16.68934548,-5.399268768
1,3,1,-16.30531265,-6.093391678
1,3,1,-17.42491744,-6.103967701
1,3,1,-16.45829109,-7.708801054
1,3,1,-16.83284283,-6.220685893
1,3,1,-16.75574059,-6.077075652
1,3,1,-17.50441291,-5.282074959
1,3,1,-16.06565156,-6.869265782
1,3,1,-16.78913806,-6.316847834
1,3,1,-17.97392673,-4.534531406
1,3,1,-17.48384215,-6.335629012
1,3,1,-16.41243671,-5.618847587
1,3,1,-17.54525873,-5.59815304
1,3,1,-16.76954294,-5.71774951
1,3,1,-16.67962227,-6.300573218
1,3,1,-17.36664878,-5.457629135
1,3,1,-17.43075424,-6.365427176
1,3,1,-16.39309445,-5.21023761
1,3,1,-18.08366516,-6.001453752
1,3,1,-17.6555955,-6.223917869
1,3,1,-16.98632623,-6.977070675
1,3,1,-17.39563038,-5.922688496
1,3,1,-17.54604826,-6.210161555
1,3,1,-16.96463716,-7.001449266
1,3,1,-16.04809948,-5.921071479
1,3,1,-18.37558332,-5.119536561
1,3,1,-18.85235481,-7.183705298
1,3,1,-16.92992351,-5.194288123
1,3,1,-17.55907378,-6.439938794
1,3,1,-16.37597651,-5.825103798
1,3,1,-15.90903753,-6.362313204
1,3,1,-17.12580666,-5.640485142
1,3,1,-17.12529516,-5.788916188
1,3,1,-15.55332263,-6.167254295
1,3,1,-16.4574903,-5.981596844
1,3,1,-16.84048767,-4.684390425
1,3,1,-15.90140911,-5.991338754
1,3,1,-17.62691444,-6.675241379
1,3,1,-15.7776845,-5.296941648
1,3,1,-16.05134154,-6.946384458
1,3,1,-17.4492891,-4.841781025
1,3,1,-16.11757711,-6.459879586
1,3,1,-17.11697286,-7.07251968
1,3,1,-16.36159074,-5.165427301
1,3,1,-16.78380935,-7.103341319
1,3,1,-16.84067349,-6.182364172
1,3,1,-16.81274856,-6.155835898
1,3,1,-16.71462546,-4.56489441
1,3,1,-17.54645033,-5.519700015
1,3,1,-17.53869298,-6.521094093
1,3,1,-17.24882576,-3.81992457
1,3,1,-17.22616757,-5.714464103
1,3,1,-16.2702633,-5.550803349
1,3,1,-16.865293,-5.438893321
1,3,1,-16.83277398,-7.230066262
1,3,1,-17.1612513,-6.312844056
1,3,1,-18.10746272,-5.587153629
1,3,1,-15.72406868,-4.664561948
1,3,1,-17.51245886,-6.580486006
1,3,1,-18.13209313,-6.840968828
1,3,1,-16.21275002,-4.950634294
1,3,1,-15.42473141,-5.39495605
1,3,1,-18.04437032,-5.463742864
1,3,1,-16.48335237,-6.655888376
1,3,1,-17.61344435,-6.413591955
1,3,1,-17.27992046,-6.742489205
1,3,1,-16.96885203,-5.750252656
1,3,1,-18.05673158,-6.943709355
1,3,1,-17.17168543,-6.449926399
1,3,1,-17.34930471,-6.27653611
1,3,1,-17.15904868,-5.714566454
1,3,1,-16.70658451,-5.256726074
1,3,1,-17.13427928,-6.313390958
1,3,1,-17.10932986,-5.85876605
1,3,1,-18.16750421,-5.594694291
1,3,1,-15.78336154,-4.887210041
1,3,1,-17.13968795,-5.356929348
1,3,1,-16.52586069,-5.822495384
1,3,1,-17.33934624,-5.221091034
1,3,1,-16.73273712,-6.973741566
1,3,1,-16.1807066,-5.549145804
1,3,1,-17.99751288,-8.374017884
1,3,1,-16.2021546,-6.786279535
1,3,1,-17.18045321,-6.375709537
1,3,1,-17.00911782,-4.675322374
1,3,1,-18.02229659,-5.441911846
1,3,1,-17.57062541,-6.173431401
1,3,1,-16.64113651,-5.183743881
1,3,1,-15.66879103,-5.07755194
1,3,1,-17.59028828,-6.335682247
1,3,1,-17.02431009,-6.177199872
1,3,1,-16.54555067,-6.469156984
1,3,1,-17.1283312,-5.359010499
1,3,1,-18.49256654,-5.629642927
1,3,1,-16.31894946,-5.074801738
1,3,1,-17.6554302,-6.54785179
1,3,1,-17.00848306,-6.591426884
1,3,1,-17.688968,-5.896347908
1,3,1,-16.70044205,-5.628295134
1,3,1,-16.60986241,-5.917955435
1,3,1,-16.1798577,-6.291310866
1,3,1,-17.4835078,-6.061034642
1,3,1,-18.48627932,-4.403227953
1,3,1,-16.44066931,-5.494221497
1,3,1,-17.23092255,-6.747405937
1,3,1,-18.30534767,-4.854926686
1,3,1,-15.18062729,-8.020524359
1,3,1,-17.29130279,-5.250635527
1,3,1,-16.729995,-6.759048279
1,3,1,-16.33631017,-4.428958338
1,3,1,-17.66130894,-7.033858772
1,3,1,-17.63819359,-5.526408369
1,3,1,-17.90498623,-7.178365743
1,3,1,-16.78517476,-5.285153835
1,3,1,-16.918399,-6.417827904
1,3,1,-16.93621843,-4.297215858
1,3,1,-16.33390523,-4.980672789
1,3,1,-16.63740018,-8.801634928
1,3,1,-16.48135115,-6.396776905
1,3,1,-17.6651453,-6.256742996
1,3,1,-16.67638731,-6.305399767
1,3,1,-17.78757377,-4.200753639
1,3,1,-17.2270178,-5.77555157
1,3,1,-17.14855668,-5.315879582
1,3,1,-17.30182251,-5.514110122
1,3,1,-16.52491263,-6.25343213
1,3,1,-15.56800505,-6.044540034
1,3,1,-15.30607215,-6.240351075
1,3,1,-16.55518472,-7.499701102
1,3,1,-16.93919123,-7.120985251
1,3,1,-16.93840948,-5.545271551
1,3,1,-16.01804931,-5.965169839
1,3,1,-16.77844075,-7.178477438
1,3,1,-17.9667031,-5.452907439
1,3,1,-16.88513553,-6.324714192
1,3,1,-17.14704142,-4.745162107
1,3,1,-16.79016839,-5.894244161
1,3,1,-16.70721112,-6.52551836
1,3,1,-18.1481781,-5.41339342
1,3,1,-16.37207252,-6.371719596
1,3,1,-17.84165263,-6.866164257
1,3,1,-17.78589223,-6.384418397
1,3,1,-17.07229423,-6.617480928
1,3,1,-16.23866406,-5.009637635
1,3,1,-16.39737311,-7.0150198
1,3,1,-17.13172343,-5.415656552
1,3,1,-16.64644549,-4.714585247
1,3,1,-16.59559296,-8.191865847
1,3,1,-18.08458772,-5.539103612
1,3,1,-16.54479802,-4.761376454
1,3,1,-16.68232926,-6.11367592
1,3,1,-17.26691846,-5.813847555
1,3,1,-18.75322961,-4.839240698
1,3,1,-15.21800365,-6.064135252
1,3,1,-16.01449543,-5.349717546
1,3,1,-16.05323691,-5.415318486
1,3,1,-16.61566457,-6.558652435
1,3,1,-16.28010017,-6.101583647
1,3,1,-16.87738984,-5.776370306
1,3,1,-17.94232069,-6.566659415
1,3,1,-16.4031644,-6.669502689
1,3,1,-17.14121197,-5.084609424
1,3,1,-16.59106606,-6.360111828
1,3,1,-16.44776419,-5.606163535
1,3,1,-19.02497364,-6.415258617
1,3,1,-16.19245787,-5.45706048
1,3,1,-17.42092651,-6.323481893
1,3,1,-16.81436866,-4.853826114
1,3,1,-15.92722854,-6.419868197
1,3,1,-15.97811826,-6.530507469
1,3,1,-15.86802584,-4.381081354
1,3,1,-16.96282514,-5.264172844
1,3,1,-17.27815914,-6.033049696
1,3,1,-17.50297083,-5.459770034
1,3,1,-16.53580037,-5.302181845
1,3,1,-17.24446227,-5.4258199
1,3,1,-15.57352284,-6.005074325
1,3,1,-16.78071193,-7.203340384
1,3,1,-16.46016458,-6.282218745
1,3,1,-17.65824879,-6.917535896
1,3,1,-15.99694672,-5.491189846
1,3,1,-16.63887793,-6.784596411
1,3,1,-16.20116608,-4.248411479
1,3,1,-16.06352215,-6.123780275
1,3,1,-15.66564346,-5.678720421
1,3,1,-17.4199736,-6.074366943
1,3,1,-17.11063657,-5.459147016
1,3,1,-18.12755624,-6.427960991
1,3,1,-17.01228597,-4.698402418
1,3,1,-15.43308097,-6.748678094
1,3,1,-17.32353905,-6.075962927
1,3,1,-15.70575257,-6.788299401
1,3,1,-15.81635968,-6.919857666
1,3,1,-17.40556134,-6.144555894
1,3,1,-17.53453728,-5.404173607
1,3,1,-16.88709507,-5.280975841
1,3,1,-17.36767571,-6.305274197
1,3,1,-16.68302141,-4.601245261
1,3,1,-16.63960505,-4.582586527
1,3,1,-16.11988116,-6.525139945
1,3,1,-17.80888194,-5.7595308
1,3,1,-17.81565945,-7.0713896
1,3,1,-18.19115502,-5.628494463
1,3,1,-17.02439346,-6.097743575
1,3,1,-17.94624331,-6.277918169
1,3,1,-15.66713074,-5.776962162
1,3,1,-16.87542563,-4.356880339
1,3,1,-15.29758525,-5.451333355
1,3,1,-16.77250279,-4.862249774
1,3,1,-17.19219499,-5.872719692
1,3,1,-17.01746431,-7.265285069
1,3,1,-16.20950178,-3.905404604
1,3,1,-16.41763353,-4.90912961
1,3,1,-17.21852352,-5.515777493
1,3,1,-16.69638973,-5.194904374
1,3,1,-16.6570622,-6.698229333
1,3,1,-18.1684389,-7.016483325
1,3,1,-18.21153184,-6.157053208
1,3,1,-17.17732165,-3.932309501
1,3,1,-15.62221811,-6.065473105
1,3,1,-17.11592391,-5.661394046
1,3,1,-16.56130633,-6.855722869
1,3,1,-16.22392641,-6.529372419
1,3,1,-16.54636818,-6.772448937
1,3,1,-16.76323866,-6.210200252
1,3,1,-16.02512928,-6.350931464
1,3,1,-16.30327621,-5.824187668
1,3,1,-17.55523794,-6.027185343
1,3,1,-18.26162558,-5.572505408
1,3,1,-16.57377267,-5.441211338
1,3,1,-16.78427742,-5.674627824
1,3,1,-17.65532644,-7.386357456
1,3,1,-16.14370385,-5.84488104
1,3,1,-16.29096029,-6.545471544
1,3,1,-17.7821016,-7.50355228
1,3,1,-16.67810509,-6.191909704
1,3,1,-17.55860091,-5.945898785
1,3,1,-16.31153243,-6.618699275
1,3,1,-17.91077155,-5.842431875
1,3,1,-17.5879445,-6.092276719
1,3,1,-17.34899342,-6.254164474
1,3,1,-16.47237392,-7.003983649
1,3,1,-18.98950523,-7.414044289
1,3,1,-15.28636854,-5.468842173
1,3,1,-16.93557857,-4.949486408
1,3,1,-18.99592125,-5.708732477
1,3,1,-16.26903095,-6.097785225
1,3,1,-16.12784051,-5.267791661
1,3,1,-16.53382979,-6.601931381
1,3,1,-15.76145484,-4.912782646
1,3,1,-16.3841604,-6.393046297
1,3,1,-17.52499445,-6.181513858
1,3,1,-16.11822235,-6.754924011
1,3,1,-16.94110143,-6.894054483
1,3,1,-16.52625293,-6.236318935
1,3,1,-15.73166936,-6.236378019
1,3,1,-18.48198876,-7.971169524
1,3,1,-16.58599092,-5.376275589
1,3,1,-15.91179111,-7.161404745
1,3,1,-17.13872336,-5.895598162
1,3,1,-17.43104945,-6.507247209
1,3,1,-16.09591727,-7.709018983
1,3,1,-16.26757578,-6.159071428
1,3,1,-15.65574541,-6.380290149
1,3,1,-16.62720912,-5.508325305
1,3,1,-17.72351077,-6.794051729
1,3,1,-16.63046167,-6.331731031
1,3,1,-16.72911201,-7.67766025
1,3,1,-17.71126837,-6.412788886
1,3,1,-16.73338128,-5.43466368
1,3,1,-17.00200734,-7.186107077
1,3,1,-18.30395264,-5.697710151
1,3,1,-19.06038334,-7.106284919
1,3,1,-15.69528038,-6.173386828
1,3,1,-16.47953373,-6.082919694
1,3,1,-15.89846948,-6.662341414
1,3,1,-17.02461722,-4.582245279
1,3,1,-17.75599494,-6.148156785
1,3,1,-17.28626348,-6.461551713
1,3,1,-18.4954217,-6.933607702
1,3,1,-15.59743432,-6.150449235
1,3,1,-17.51066815,-6.458506224
1,3,1,-18.7201762,-6.162695213
1,3,1,-17.57748662,-7.250913055
1,3,1,-16.13644085,-4.576102071
1,3,1,-16.87980788,-6.790083454
1,3,1,-17.02997398,-7.656843577
1,3,1,-16.87367617,-7.468531083
1,3,1,-16.48912628,-6.617187985
1,3,1,-16.43131745,-5.03455403
1,3,1,-16.31906015,-6.439647531
1,3,1,-16.15449328,-6.079077942
1,3,1,-16.69524528,-7.199325156
1,3,1,-17.7401534,-5.306586716
1,3,1,-18.4858112,-5.572291987
1,3,1,-16.70790859,-6.355471898
1,3,1,-18.31373862,-5.194557967
1,3,1,-17.27865829,-7.813825726
1,3,1,-17.75069958,-5.031488516
1,3,1,-17.0429926,-5.53354291
1,3,1,-16.27564296,-4.585958285
1,3,1,-17.06788702,-4.796369854
1,3,1,-16.63056664,-5.649816926
1,3,1,-16.78262785,-4.008970954
1,3,1,-16.88585137,-5.466159638
1,3,1,-16.3714051,-5.424834364
1,3,1,-17.10452305,-5.575495151
1,3,1,-17.2255032,-4.96491624
1,3,1,-17.62481333,-5.584938889
1,3,1,-17.7865321,-6.771531794
1,3,1,-16.70113374,-5.793234658
1,3,1,-15.94775897,-6.113917504
1,3,1,-17.74588918,-5.622475502
1,3,1,-16.29181079,-5.590680305
1,3,1,-15.97244065,-6.796422614
1,3,1,-17.08886555,-5.661332867
1,3,1,-17.68314533,-6.169791663
1,3,1,-18.42023323,-4.325170983
1,3,1,-17.81426309,-6.311521479
1,3,1,-18.25491816,-6.349651346
1,3,1,-17.77070437,-7.171797941
1,3,1,-16.652657,-6.775975528
1,3,1,-16.29209509,-5.555032952
1,3,1,-17.55023811,-7.35879056
1,3,1,-19.05119883,-5.842905719
1,3,1,-16.29347867,-5.223342927
1,3,1,-17.12592599,-6.511430065
1,3,1,-16.84652128,-6.070924345
1,3,1,-16.21844367,-5.72234626
1,3,1,-17.1577904,-6.668447178
1,3,1,-16.93220668,-5.221370048
1,3,1,-16.3787154,-7.30325663
1,3,1,-16.64313057,-6.213469657
1,3,1,-15.46961646,-7.015944878
1,3,1,-16.75699799,-7.009458386
1,3,1,-16.48404758,-5.578345954
1,3,1,-18.0654839,-6.659555174
1,3,1,-15.6281431,-5.261905089
1,3,1,-15.0970885,-6.142615628
1,3,1,-16.94600015,-7.146075304
1,3,1,-17.869612,-4.785766211
1,3,1,-16.42955861,-5.562293621
1,3,1,-16.75024541,-6.944312093
1,3,1,-16.82100367,-6.747174196
1,3,1,-16.98311347,-7.547929171
1,3,1,-18.37886119,-4.431996222
1,3,1,-17.02900871,-6.41327256
1,3,1,-18.07496246,-5.274505025
1,3,1,-14.93263541,-4.799160617
1,3,1,-16.41662064,-7.992086356
1,3,1,-15.99935967,-5.077551747
1,3,1,-16.7336252,-5.661842933
1,3,1,-17.09238597,-5.433522435
1,3,1,-17.62247113,-6.1799861
1,3,1,-18.83258107,-6.883630125
1,3,1,-16.85883673,-6.429040558
1,3,1,-17.68116022,-6.880042147
1,3,1,-17.28210548,-6.221811215
1,3,1,-16.53331594,-7.510208675
1,3,1,-16.89686219,-5.797184664
1,3,1,-17.81082135,-6.273136695
1,3,1,-16.85517375,-6.155042722
1,3,1,-16.40552654,-5.017935752
1,3,1,-16.82354702,-7.196405471
1,3,1,-17.91619018,-6.33208183
1,3,1,-16.74118906,-6.2090659
1,3,1,-17.45607737,-6.434693568
1,3,1,-15.91985014,-5.872843499
1,3,1,-17.91016755,-5.759305923
1,3,1,-16.0207764,-7.442107624
1,3,1,-16.11220151,-5.450891416
1,3,1,-17.45309151,-6.522655971
1,3,1,-16.70379697,-5.194089083
1,3,1,-16.98781599,-5.665383858
1,3,1,-16.37613428,-5.610012889
1,3,1,-16.41727587,-5.403690251
1,3,1,-17.71820095,-6.315058056
1,3,1,-17.00142061,-6.255944372
1,3,1,-16.18367461,-6.043292382
1,3,1,-17.38483334,-5.24669412
1,3,1,-17.69344193,-5.97092752
1,3,1,-16.65738582,-6.104668008
1,3,1,-18.63783954,-6.042669038
1,3,1,-16.50934814,-5.564260713
1,3,1,-16.9980386,-5.786331108
1,3,1,-18.76216761,-6.178791735
1,3,1,-16.52207232,-5.471723725
1,3,1,-17.6025622,-6.192909541
1,3,1,-17.91712131,-5.886595788
1,4,0,-19.39219065,-11.39865052
1,4,0,-19.10904911,-11.29062627
1,4,0,-19.30060019,-10.88427714
1,4,0,-18.78032996,-11.17296129
1,4,0,-19.69005147,-11.54006675
1,4,0,-19.44725434,-11.05204881
1,4,0,-18.97797012,-11.98882609
1,4,0,-18.50825825,-11.78697335
1,4,0,-18.51276792,-10.91817093
1,4,0,-18.97778552,-11.50839603
1,4,0,-19.95448717,-10.90128055
1,4,0,-19.47216532,-11.54368797
1,4,0,-19.01640024,-10.74015572
1,4,0,-18.56344348,-11.84239838
1,4,0,-19.2863088,-10.8284846
1,4,0,-18.79114064,-11.04852337
1,4,0,-19.05115837,-10.62091567
1,4,0,-19.23585385,-11.44064637
1,4,0,-19.18693196,-11.25367661
1,4,0,-20.1162205,-11.22826004
1,4,0,-18.81750022,-11.86677855
1,4,0,-18.90846831,-11.46672825
1,4,0,-19.60808279,-11.13991485
1,4,0,-18.35989638,-12.02143588
1,4,0,-19.08736911,-10.72561692
1,4,0,-19.6978433,-11.33277945
1,4,0,-19.56063684,-11.17923331
1,4,0,-19.1940836,-11.19739539
1,4,0,-19.3325717,-11.75162476
1,4,0,-19.77445656,-10.93320066
1,4,0,-19.64275777,-11.33987169
1,4,0,-19.2970258,-11.24870756
1,4,0,-18.96186963,-11.78905861
1,4,0,-19.45418934,-11.17383062
1,4,0,-19.22156714,-11.61320306
1,4,0,-19.12956419,-10.76924963
1,4,0,-19.77122602,-10.74226098
1,4,0,-18.37900959,-11.6226905
1,4,0,-18.03379815,-11.28796301
1,4,0,-20.07083193,-11.06292668
1,4,0,-19.1885546,-11.02827937
1,4,0,-18.96251147,-10.96589839
1,4,0,-19.32069406,-11.37255474
1,4,0,-19.79683819,-10.18974653
1,4,0,-18.93394853,-11.70650666
1,4,0,-19.15994885,-11.2205249
1,4,0,-19.20237515,-10.88888257
1,4,0,-18.42865056,-11.52775485
1,4,0,-18.9023161,-10.74828944
1,4,0,-18.93479601,-11.05507182
1,4,0,-19.52284043,-11.73745398
1,4,0,-18.2632425,-11.34057823
1,4,0,-19.92779471,-11.44748448
1,4,0,-19.2957981,-11.74287937
1,4,0,-19.0809089,-11.63502973
1,4,0,-19.43236573,-11.53294265
1,4,0,-19.81126561,-11.42230121
1,4,0,-19.75295942,-10.97697619
1,4,0,-19.21801209,-11.54719503
1,4,0,-19.24971574,-11.24402785
1,4,0,-19.14370788,-10.92718683
1,4,0,-19.52547477,-11.75214675
1,4,0,-18.61908621,-11.80378891
1,4,0,-18.71022981,-10.46101238
1,4,0,-18.57732731,-11.24208579
1,4,0,-18.83434201,-11.2793666
1,4,0,-19.66521348,-11.58129289
1,4,0,-19.26080254,-10.81783046
1,4,0,-19.08114493,-11.57414447
1,4,0,-19.02346975,-10.66099713
1,4,0,-19.11188885,-11.05337467
1,4,0,-19.20132053,-11.5768232
1,4,0,-19.56084091,-10.59434359
1,4,0,-19.40766661,-10.99566708
1,4,0,-18.76571224,-11.30634552
1,4,0,-19.20249056,-10.64701027
1,4,0,-19.10132435,-11.47819881
1,4,0,-20.03251084,-11.07678923
1,4,0,-19.17376636,-11.47786672
1,4,0,-19.73568465,-10.73649833
1,4,0,-18.91739085,-10.63991474
1,4,0,-19.11202598,-11.09946806
1,4,0,-19.1523325,-11.44353101
1,4,0,-19.53617808,-11.23537735
1,4,0,-18.38943698,-11.37866625
1,4,0,-19.07530986,-11.93997155
1,4,0,-19.5348561,-11.08043506
1,4,0,-19.12695802,-11.40717142
1,4,0,-19.7536904,-11.17666794
1,4,0,-18.47027914,-11.21320296
1,4,0,-19.64537829,-11.93313381
1,4,0,-19.45637135,-11.63514654
1,4,0,-19.15139141,-11.82525073
1,4,0,-19.45593328,-10.76093226
1,4,0,-19.44039942,-10.63701086
1,4,0,-19.39346437,-12.12583969
1,4,0,-18.72840049,-11.11158078
1,4,0,-19.21495986,-11.19438392
1,4,0,-19.09268281,-11.40277652
1,4,0,-18.38103236,-11.31684688
1,4,1,-19.66749818,-13.01758746
1,4,1,-20.06693945,-11.282024
1,4,1,-19.33094745,-11.96841467
1,4,1,-18.8184346,-11.31555558
1,4,1,-21.37938975,-12.59624429
1,4,1,-21.1768836,-11.0080171
1,4,1,-21.40953015,-10.65447164
1,4,1,-20.42530296,-12.78163146
1,4,1,-17.35093839,-11.54421594
1,4,1,-20.45148525,-12.47886474
1,4,1,-21.00678656,-12.11700087
1,4,1,-20.73067331,-11.07319992
1,4,1,-20.41274506,-11.92860147
1,4,1,-21.38923233,-10.94612744
1,4,1,-20.98207631,-12.11056699
1,4,1,-20.94581466,-12.39821731
1,4,1,-19.25617703,-13.77166359
1,4,1,-21.41151545,-13.01785153
1,4,1,-21.15097469,-13.14597986
1,4,1,-20.30799668,-12.76691315
1,5,0,-15.52546045,-10.84464901
1,5,0,-14.62048212,-10.4577611
1,5,0,-14.88352278,-11.07780037
1,5,0,-15.03648372,-11.06939007
1,5,0,-14.88523871,-10.79333751
1,5,0,-14.47854811,-11.57670929
1,5,0,-14.9078253,-11.01657021
1,5,0,-14.76312797,-11.58905565
1,5,0,-14.70045019,-11.56806356
1,5,0,-15.58089561,-11.19801275
1,5,0,-15.19727843,-11.21249767
1,5,0,-15.18984058,-12.08839222
1,5,0,-14.50008792,-10.53264232
1,5,0,-14.42934785,-11.04247534
1,5,0,-14.93248436,-11.18164769
1,5,0,-14.63258082,-10.63978668
1,5,0,-15.78620932,-11.48740639
1,5,0,-14.73582614,-12.01439296
1,5,0,-15.42481521,-11.24406048
1,5,0,-14.59271722,-11.2989005
1,5,0,-14.97362143,-11.01798044
1,5,0,-14.44902652,-11.58567118
1,5,0,-15.05694341,-10.83371152
1,5,0,-14.08349522,-11.34051659
1,5,0,-15.59087449,-10.86574169
1,5,0,-14.61962526,-11.73676666
1,5,0,-15.41889075,-12.00467995
1,5,0,-14.97365271,-11.96813466
1,5,0,-14.95555637,-11.29360256
1,5,0,-15.50278084,-11.92315002
1,5,0,-14.70076721,-10.75335444
1,5,0,-14.36210217,-12.04164873
1,5,0,-15.21876408,-10.62860292
1,5,0,-14.98645036,-11.55861605
1,5,0,-14.54222251,-11.01603929
1,5,0,-15.5496123,-11.23131309
1,5,0,-15.47893038,-11.25874238
1,5,0,-15.02193995,-11.42580673
1,5,0,-14.82300713,-11.1311824
1,5,0,-15.5313952,-11.04339339
1,5,0,-15.67354583,-11.41331084
1,5,0,-14.33105981,-11.06502001
1,5,0,-14.87514846,-10.85984719
1,5,0,-14.95623097,-11.0183909
1,5,0,-14.86993698,-11.29160336
1,5,0,-14.20225865,-11.91479982
1,5,0,-14.91016212,-12.10543954
1,5,0,-14.85329883,-11.04119518
1,5,0,-14.71245211,-11.83949787
1,5,0,-14.38268975,-11.34600079
1,5,0,-14.69250426,-11.53668206
1,5,0,-15.48212465,-11.00557875
1,5,0,-15.37564535,-12.30781146
1,5,0,-15.07035143,-11.33293457
1,5,0,-15.33664563,-11.5258393
1,5,0,-15.0889977,-11.11660791
1,5,0,-15.12556674,-11.11200264
1,5,0,-14.42754188,-11.49034636
1,5,0,-14.88656922,-11.23526859
1,5,0,-15.42664682,-11.04104072
1,5,0,-14.89917751,-11.15304415
1,5,0,-15.36051738,-11.8643784
1,5,0,-15.39212522,-10.58809796
1,5,0,-14.39415173,-10.742239
1,5,0,-14.65311915,-10.64170536
1,5,0,-14.68646642,-11.37134272
1,5,0,-14.62396989,-11.21363884
1,5,0,-14.90584334,-10.44916408
1,5,0,-15.30904243,-11.49920932
1,5,0,-14.93745895,-11.27934914
1,5,0,-15.13406256,-10.75974592
1,5,0,-14.52281706,-11.19318246
1,5,0,-14.25914666,-11.25373972
1,5,0,-15.13758812,-11.88209902
1,5,0,-14.58779289,-11.41362945
1,5,0,-14.63903989,-10.84232697
1,5,0,-14.55378396,-11.47830004
1,5,0,-15.0000601,-11.15701143
1,5,0,-15.07629551,-10.85393255
1,5,0,-14.07883104,-11.56198281
1,5,0,-15.00107607,-11.20476966
1,5,0,-15.24548711,-11.32899775
1,5,0,-14.80431245,-11.66085492
1,5,0,-15.36184582,-11.49302301
1,5,0,-14.76492137,-11.62708535
1,5,0,-14.67981882,-11.86669893
1,5,0,-15.28438006,-10.99544784
1,5,0,-15.59199268,-10.72135905
1,5,0,-14.98461033,-11.25005054
1,5,0,-14.80451775,-11.28714602
1,5,0,-14.48167947,-11.13465381
1,5,0,-14.87533207,-10.97033783
1,5,0,-14.86551879,-11.361281
1,5,0,-14.27945064,-11.36227084
1,5,0,-15.05472978,-11.67696085
1,5,0,-14.81638431,-11.71548001
1,5,0,-15.07727141,-11.18433949
1,5,0,-14.80925582,-11.18392174
1,5,0,-15.50491654,-11.65178748
1,5,0,-15.28107354,-10.76702414
1,5,1,-14.36196987,-12.05718145
1,5,1,-12.83199712,-12.23972745
1,5,1,-13.54957896,-12.62812191
1,5,1,-13.43743464,-12.75320591
1,5,1,-14.84148999,-12.64973278
1,5,1,-14.39334696,-12.46909532
1,5,1,-14.52052255,-12.96248345
1,5,1,-13.50037883,-12.30620147
1,5,1,-11.91150195,-11.27356816
1,5,1,-13.79080506,-12.52885992
1,5,1,-13.56304886,-11.41804717
1,5,1,-13.83002447,-13.10991005
1,5,1,-13.10733566,-11.34913243
1,5,1,-13.6182608,-11.81817431
1,5,1,-14.81823365,-12.3664371
1,5,1,-12.98815606,-11.42613174
1,5,1,-12.77528071,-11.81132485
1,5,1,-13.3519219,-12.49622068
1,5,1,-12.85612243,-11.53520341
1,5,1,-12.07086173,-11.43646976
1,5,1,-13.63646281,-11.80619818
1,5,1,-14.87250431,-12.89355792
1,5,1,-12.98861585,-13.05664448
1,5,1,-13.71901726,-12.26008353
1,5,1,-13.95552502,-11.17216547
1,5,1,-14.6863674,-13.4191862
1,5,1,-13.33034104,-11.09970179
1,5,1,-12.86195277,-11.31845902
1,5,1,-13.93715566,-11.55212545
1,5,1,-12.43514386,-12.7585284
1,5,1,-13.70810617,-12.33604734
1,5,1,-12.79618041,-12.55433376
1,5,1,-13.47979687,-10.71477867
1,5,1,-13.4558026,-11.27280436
1,5,1,-13.5345412,-12.44421499
1,5,1,-14.11825363,-12.29183268
1,5,1,-15.34325292,-11.82533476
1,5,1,-15.22905421,-11.03831019
1,5,1,-13.89574838,-12.46958405
1,5,1,-12.47705722,-13.23001331
1,5,1,-13.86291306,-11.88310246
1,5,1,-14.13186743,-10.75207083
1,5,1,-14.78008116,-12.33613517
1,5,1,-13.94580754,-12.2821998
1,5,1,-12.65211866,-12.81826266
1,5,1,-14.02965921,-11.7363889
1,5,1,-13.3393365,-12.26159035
1,5,1,-14.69935452,-12.42815242
1,5,1,-14.17592132,-11.3839434
1,5,1,-13.72173031,-12.53493794
1,5,1,-12.57502456,-13.21311065
1,5,1,-13.1452785,-11.49732941
1,5,1,-13.37548502,-11.47478271
1,5,1,-15.23357902,-12.09000699
1,5,1,-13.90715405,-12.29257965
1,5,1,-14.27860607,-12.62583143
1,5,1,-14.45306666,-12.91894108
1,5,1,-12.36251984,-10.59343519
1,5,1,-12.8276576,-12.34060548
1,5,1,-12.79917369,-11.10092429
1,5,1,-13.63097528,-12.46759981
1,5,1,-13.58538214,-11.41113622
1,5,1,-12.65497018,-12.35029936
1,5,1,-12.20557453,-12.29652943
1,5,1,-13.43996207,-12.21959319
1,5,1,-13.915234,-11.74984339
1,5,1,-12.57875011,-11.36337229
1,5,1,-13.87712935,-11.68813721
1,5,1,-14.2366919,-10.92548255
1,5,1,-12.89534297,-13.1962004
1,5,1,-15.02958701,-13.60595035
1,5,1,-13.61958203,-11.8746196
1,5,1,-12.99349716,-12.47576082
1,5,1,-14.47891361,-11.45859699
1,5,1,-13.98483807,-11.91279863
1,5,1,-12.64262024,-11.94579761
1,5,1,-13.50854217,-12.22417851
1,5,1,-13.45882556,-10.13312657
1,5,1,-12.70578651,-12.18601987
1,5,1,-12.23429942,-10.77551435
1,5,1,-11.72477408,-13.27990398
1,5,1,-12.30460627,-12.58713112
1,5,1,-13.51951635,-12.82914116
1,5,1,-14.64429463,-12.88649995
1,5,1,-11.9288203,-11.63099975
1,5,1,-14.22191882,-11.4633775
1,5,1,-14.29785436,-11.49834018
1,5,1,-14.27812213,-11.50419772
1,5,1,-13.61753611,-11.42304163
1,5,1,-13.96364315,-14.09879885
1,5,1,-14.42701932,-11.9684097
1,5,1,-13.65748252,-11.20177559
1,5,1,-13.04933122,-12.21468511
1,5,1,-13.31445837,-11.80323486
1,5,1,-13.08355443,-11.77292845
1,5,1,-12.64889436,-10.88414123
1,5,1,-13.09104525,-10.5220034
1,5,1,-13.77186031,-11.40640552
1,5,1,-14.94102734,-12.39104768
1,5,1,-13.29247008,-11.09914854
1,5,1,-13.35098899,-10.48009356
1,5,1,-12.86890041,-12.70583502
1,5,1,-14.2258695,-13.24879149
1,5,1,-13.02258982,-11.31143038
1,5,1,-15.06007321,-11.42124252
1,5,1,-14.07787334,-12.28154407
1,5,1,-14.24235456,-11.67404948
1,5,1,-14.68457536,-10.71403806
1,5,1,-14.00502458,-12.64369995
1,5,1,-12.75782094,-11.97271036
1,5,1,-13.34525014,-12.04009576
1,5,1,-13.91548838,-12.04581712
1,5,1,-13.32671806,-11.82118424
1,5,1,-14.798608,-11.76979526
1,5,1,-15.15238214,-12.46519646
1,5,1,-14.31300154,-13.35310612
1,5,1,-12.39673986,-10.82186342
1,5,1,-13.21285264,-11.51991282
1,5,1,-13.6438738,-13.2900187
1,5,1,-13.28128268,-9.768089759
1,5,1,-12.99512661,-12.96812975
1,5,1,-12.78517437,-10.80257943
1,5,1,-13.93789822,-11.37982868
1,5,1,-13.41529125,-11.48685174
1,5,1,-13.90539793,-11.43916196
1,5,1,-11.40303819,-12.48694228
1,5,1,-13.8908486,-11.92580458
1,5,1,-14.16797883,-11.29347482
1,5,1,-12.0127158,-11.90305982
1,5,1,-13.80480913,-12.08653105
1,5,1,-13.30523964,-11.46890118
1,5,1,-14.73743953,-11.82388957
1,5,1,-13.18486941,-12.57421686
1,5,1,-12.0796479,-12.36318084
1,5,1,-13.34950316,-12.61497363
1,5,1,-13.14081107,-13.76171308
1,5,1,-14.22086858,-11.72474325
1,5,1,-15.32768516,-12.69676671
1,5,1,-14.58512238,-12.73358
1,5,1,-13.31905818,-11.59930407
1,5,1,-14.87795493,-12.30718516
1,5,1,-12.89021925,-13.08621143
1,5,1,-12.72297982,-11.7181194
1,5,1,-15.34708325,-12.5824608
1,5,1,-12.28163624,-12.25764468
1,5,1,-13.34629372,-12.08428263
1,5,1,-13.29009147,-12.77922795
1,5,1,-13.15162052,-11.64233656
1,5,1,-13.27041007,-10.97471619
1,5,1,-12.95257831,-11.24573948
2,6,0,16.27082154,-7.41901756
2,6,0,17.18548199,-7.841844162
2,6,0,16.60214173,-7.550191316
2,6,0,17.90574175,-7.271501783
2,6,0,16.95740521,-7.579115461
2,6,0,16.90639935,-8.290645347
2,6,0,16.53988547,-7.239122876
2,6,0,17.77269972,-7.528389821
2,6,0,17.02088713,-7.090091772
2,6,0,16.73289643,-7.377263244
2,6,0,17.20965957,-7.018177428
2,6,0,16.83295593,-7.483843785
2,6,0,16.40279715,-8.345246148
2,6,0,17.33793422,-7.467925414
2,6,0,16.56968047,-7.828401313
2,6,0,16.62601568,-7.227143908
2,6,0,16.62449504,-7.870372384
2,6,0,16.24121651,-7.645505783
2,6,0,17.47255172,-6.928093432
2,6,0,16.66859086,-8.261193036
2,6,0,16.94818699,-8.094985673
2,6,0,17.17712992,-7.905924325
2,6,0,17.43775726,-7.839989831
2,6,0,17.53029676,-7.516343551
2,6,0,16.17318274,-8.37708591
2,6,0,17.23106814,-7.3039635
2,6,0,16.99675546,-7.36593589
2,6,0,16.36606022,-8.357834312
2,6,0,16.21328227,-7.131973118
2,6,0,16.9403452,-7.623800127
2,6,0,16.84224053,-7.828993903
2,6,0,17.60287105,-7.596798329
2,6,0,16.85818864,-7.840597126
2,6,0,17.5729264,-7.94305818
2,6,0,17.34516465,-7.952459382
2,6,0,16.42097063,-7.822763164
2,6,0,16.77844664,-7.365124039
2,6,0,17.41841101,-7.06954077
2,6,0,16.78048469,-7.454431092
2,6,0,17.25215313,-6.998237681
2,6,0,17.05271437,-7.581898397
2,6,0,16.83127706,-7.274273387
2,6,0,17.33544661,-7.264041333
2,6,0,16.94472886,-7.626112058
2,6,0,17.75117229,-7.440504648
2,6,0,17.69089025,-8.183210363
2,6,0,16.95021199,-7.235549555
2,6,0,17.26539985,-7.201644928
2,6,0,17.37664126,-7.007187908
2,6,0,16.14424846,-6.875059247
2,6,0,16.6292449,-7.390023834
2,6,0,17.09334825,-7.164411245
2,6,0,17.52268563,-7.634718609
2,6,0,16.83375099,-7.306475808
2,6,0,17.10806942,-7.471907212
2,6,0,16.6677798,-7.4569983
2,6,0,16.75548778,-6.394051054
2,6,0,17.0818199,-7.500387116
2,6,0,16.42741015,-7.93983165
2,6,0,16.98435647,-6.977212632
2,6,0,17.21396722,-7.144368969
2,6,0,16.23810318,-6.937502676
2,6,0,16.58140338,-7.56985484
2,6,0,17.03867438,-8.155607894
2,6,0,17.55901196,-7.947857741
2,6,0,17.37877183,-7.318756665
2,6,0,17.04921096,-7.140234999
2,6,0,17.03445874,-7.207605621
2,6,0,17.35388865,-7.602724739
2,6,0,17.25739217,-7.947031388
2,6,0,16.29762149,-8.299882182
2,6,0,16.61282593,-7.344112778
2,6,0,17.36449015,-7.883581034
2,6,0,17.31617681,-7.754477238
2,6,0,17.35756747,-7.582903357
2,6,0,16.88685635,-7.72469159
2,6,0,17.37879495,-7.892582953
2,6,0,16.94745,-7.636375488
2,6,0,16.9338045,-7.150437276
2,6,0,15.93759128,-7.231775634
2,6,0,16.91589556,-7.710548027
2,6,0,17.36966253,-7.282517069
2,6,0,16.70221967,-7.31777464
2,6,0,16.50575443,-7.470405837
2,6,0,17.07158469,-7.327542324
2,6,0,16.84099835,-7.444107608
2,6,0,16.52337624,-7.842846159
2,6,0,17.00031139,-7.432647513
2,6,0,17.1689647,-7.520769054
2,6,0,16.93040293,-7.18882822
2,6,0,16.42350545,-7.867397457
2,6,0,17.24354546,-7.530427247
2,6,0,17.20474077,-7.099570712
2,6,0,17.66960648,-7.419558512
2,6,0,16.99817973,-6.447459681
2,6,0,15.91825812,-7.075626701
2,6,0,17.06493184,-7.193248073
2,6,0,17.00332987,-7.058674885
2,6,0,16.12323146,-7.398168773
2,6,0,17.04088656,-7.859692887
2,6,1,16.92344876,-5.766460138
2,6,1,18.22271997,-6.004878449
2,6,1,16.91078216,-5.301322413
2,6,1,17.49153872,-5.486221541
2,6,1,18.22229442,-5.047829053
2,6,1,15.94624315,-6.051512838
2,6,1,17.60538549,-7.393183717
2,6,1,16.28560424,-6.795722367
2,6,1,16.04755429,-6.809389172
2,6,1,17.002926,-5.574223646
2,6,1,18.03350568,-5.539065607
2,6,1,16.4527331,-5.945483747
2,6,1,16.47516331,-5.727000639
2,6,1,15.56121298,-5.698717403
2,6,1,18.12073166,-6.660693722
2,6,1,15.90175632,-5.966020232
2,6,1,16.88967718,-7.531521679
2,6,1,17.37551654,-5.592224492
2,6,1,16.81069802,-5.165484242
2,6,1,16.66729186,-7.505632006
2,6,1,17.13412166,-6.194390654
2,6,1,16.54860451,-5.633397032
2,6,1,16.27533713,-5.729131167
2,6,1,16.65898881,-6.830628562
2,6,1,16.56374659,-5.138020598
2,6,1,15.79894675,-7.108362353
2,6,1,17.7136446,-4.767334633
2,6,1,18.14239038,-6.83727293
2,6,1,17.8588543,-6.482704356
2,6,1,15.36277474,-4.896358142
2,6,1,16.82355173,-3.332503779
2,6,1,16.22069541,-5.976840958
2,6,1,15.96458438,-6.443294349
2,6,1,18.25034624,-5.194721433
2,6,1,16.66961474,-7.005538797
2,6,1,15.74971475,-5.718333517
2,6,1,17.04926283,-6.127658623
2,6,1,16.88000138,-5.908280243
2,6,1,16.98032775,-5.85594513
2,6,1,17.04664617,-5.110758619
2,6,1,17.44549383,-5.678593085
2,6,1,16.77318105,-6.232900069
2,6,1,16.46609758,-5.483087683
2,6,1,16.99693691,-4.560622103
2,6,1,16.44133783,-5.852704864
2,6,1,17.47225794,-7.506753758
2,6,1,16.8518822,-5.665923798
2,6,1,16.65752364,-5.86306245
2,6,1,16.64960158,-5.525275664
2,6,1,17.40382158,-6.143080561
2,6,1,16.03412457,-5.612010113
2,6,1,16.58842213,-6.174624258
2,6,1,16.92559158,-5.83691578
2,6,1,16.87586234,-6.75777406
2,6,1,18.44827849,-6.209222556
2,6,1,17.30842723,-7.412601819
2,6,1,15.95379336,-5.582981618
2,6,1,17.49176793,-5.523738854
2,6,1,17.97681471,-6.807931318
2,6,1,16.73015225,-5.688731105
2,6,1,17.69962449,-6.236378897
2,6,1,17.41457146,-7.28078055
2,6,1,14.7959875,-5.138880913
2,6,1,16.38115847,-5.593562149
2,6,1,17.21534739,-5.787987804
2,6,1,16.19816118,-5.014646303
2,6,1,17.79585154,-5.720566286
2,6,1,17.19659208,-6.152541187
2,6,1,17.29601028,-5.165943376
2,6,1,16.40225543,-7.314089669
2,6,1,16.66170877,-6.006089204
2,6,1,15.61828227,-6.510224649
2,6,1,17.25488402,-7.284505321
2,6,1,15.62459612,-6.275026585
2,6,1,15.97602475,-5.793339075
2,6,1,16.76847838,-5.117703331
2,6,1,16.52126619,-5.483380212
2,6,1,18.13605304,-5.913021329
2,6,1,16.39487661,-5.175360225
2,6,1,17.75590457,-6.780653903
2,6,1,17.11955709,-5.934507086
2,6,1,18.14307894,-6.598620448
2,6,1,17.79779016,-4.221084964
2,6,1,16.33792908,-4.578808339
2,6,1,17.14001112,-5.677975393
2,6,1,18.29930131,-4.868258413
2,6,1,18.53151729,-5.65789554
2,6,1,17.01411706,-6.178767567
2,6,1,15.81654576,-6.07155912
2,6,1,17.10724387,-6.672303201
2,6,1,17.06253815,-5.786683169
2,6,1,17.95156127,-7.256355394
2,6,1,17.21684669,-5.465178453
2,6,1,17.19064698,-5.873609565
2,6,1,17.27614209,-6.101602869
2,6,1,16.25063476,-6.416187945
2,6,1,17.26857741,-5.305478073
2,6,1,16.99710318,-7.021113305
2,6,1,17.3696683,-5.126900495
2,6,1,16.56675812,-6.109418109
2,6,1,16.98626976,-7.147371034
2,6,1,16.30458222,-6.6488919
2,6,1,17.20893088,-6.95303309
2,6,1,16.80989708,-5.36509467
2,6,1,17.43285576,-6.626230054
2,6,1,16.52141479,-4.969975686
2,6,1,17.18238238,-6.485050445
2,6,1,17.5963853,-6.240752582
2,6,1,16.96285096,-7.010992891
2,6,1,15.52876052,-6.596065678
2,6,1,17.75459739,-6.191094489
2,6,1,16.51635835,-5.323835498
2,6,1,15.95833734,-5.227310345
2,6,1,16.3821575,-5.588096983
2,6,1,17.68471154,-6.347032312
2,6,1,17.3771857,-5.422804933
2,6,1,16.71218299,-5.029756
2,6,1,18.66322711,-7.471188509
2,6,1,16.49193531,-6.445485857
2,6,1,17.10006007,-5.852698873
2,6,1,15.63928413,-5.111970424
2,6,1,18.59345021,-6.465451432
2,6,1,17.93318941,-6.009576135
2,6,1,15.91518194,-5.464959822
2,6,1,15.59810501,-5.622971703
2,6,1,16.98956397,-6.555191544
2,6,1,17.60322092,-4.376921427
2,6,1,15.54890229,-5.93077225
2,6,1,15.41358673,-5.847617277
2,6,1,15.12948782,-5.319155774
2,6,1,16.43579722,-5.957013001
2,6,1,17.55192686,-5.852291775
2,6,1,16.59644857,-5.956210017
2,6,1,16.62371227,-6.116413021
2,6,1,15.99153602,-5.944925224
2,6,1,16.33241342,-6.566705966
2,6,1,17.46646123,-6.114226075
2,6,1,15.50490146,-5.869950556
2,6,1,15.85085221,-4.717876954
2,6,1,16.52863303,-6.045230458
2,6,1,17.34986617,-5.480232427
2,6,1,17.52154738,-5.804306408
2,6,1,16.64405093,-5.383649431
2,6,1,16.20358088,-6.635317205
2,6,1,16.20977246,-6.504320643
2,6,1,15.55328977,-5.964900581
2,6,1,16.885273,-5.879059167
2,6,1,17.37982386,-7.239221304
2,6,1,17.37745229,-7.341047459
2,6,1,18.69681069,-7.249506367
2,6,1,17.45593672,-6.269435517
2,6,1,16.77384009,-5.473873094
2,6,1,18.07732682,-4.710740968
2,6,1,16.18517417,-5.755604627
2,6,1,16.03781166,-5.575146055
2,6,1,16.08538999,-6.693669227
2,6,1,17.23225181,-5.086725468
2,6,1,16.92634885,-5.768230763
2,6,1,15.65394578,-4.407219101
2,6,1,17.41899028,-6.032131885
2,6,1,15.69553842,-5.939050786
2,6,1,16.14383581,-5.282652247
2,6,1,17.56180693,-5.607079726
2,6,1,17.20841954,-4.558503048
2,6,1,17.57715621,-6.035465391
2,6,1,16.88931374,-6.115336608
2,6,1,17.16020485,-7.018131464
2,6,1,18.28661819,-6.338853514
2,6,1,17.3949758,-5.403928063
2,6,1,16.49142632,-7.102174624
2,6,1,15.29822999,-7.010705808
2,6,1,17.54094051,-6.327900569
2,6,1,16.93461159,-4.501189936
2,6,1,17.70482821,-7.243734
2,6,1,15.76635752,-6.331443501
2,6,1,17.51163517,-4.700003714
2,6,1,16.66901618,-6.515712691
2,6,1,17.49587983,-4.665991377
2,6,1,16.11118074,-5.66724857
2,6,1,18.08610398,-5.393901112
2,6,1,18.143438,-6.148116159
2,6,1,17.87560846,-6.246991524
2,6,1,15.31980624,-6.149901775
2,6,1,18.1605429,-5.062094519
2,6,1,16.22960337,-6.483565921
2,6,1,18.17439502,-6.971824661
2,6,1,16.44020501,-6.401775125
2,6,1,18.43320395,-6.594419066
2,6,1,16.5733472,-5.473318101
2,6,1,17.72966245,-5.290176929
2,6,1,16.8094348,-5.728412197
2,6,1,18.04114943,-6.060944646
2,6,1,17.51571318,-5.935075011
2,6,1,16.69571654,-6.197411733
2,6,1,17.4535617,-5.168665698
2,6,1,15.94693376,-6.740858482
2,6,1,18.20592568,-6.958139856
2,6,1,16.04675828,-5.75099314
2,6,1,16.84029076,-5.684302338
2,6,1,16.60002657,-7.02370529
2,6,1,16.58370574,-5.763603122
2,6,1,16.68224375,-5.839662748
2,6,1,17.3495717,-6.551635139
2,6,1,16.95212473,-6.081476482
2,6,1,17.69552617,-6.045561408
2,6,1,16.4945227,-6.022375518
2,6,1,18.12688874,-7.49601477
2,6,1,18.22770043,-6.979206741
2,6,1,16.63550804,-5.739537551
2,6,1,17.11891303,-5.56321007
2,6,1,16.10071555,-5.572118543
2,6,1,17.53572665,-6.446802437
2,6,1,17.03394709,-6.570944415
2,6,1,17.9270061,-6.296452142
2,6,1,16.91016804,-4.677574832
2,6,1,17.33993151,-7.996964877
2,6,1,17.40850104,-5.173537008
2,6,1,16.04084578,-3.693974529
2,6,1,16.70399639,-4.658073873
2,6,1,15.74528577,-5.694174749
2,6,1,16.60717518,-5.328933493
2,6,1,16.71723583,-6.229405847
2,6,1,18.26913895,-5.682251915
2,6,1,17.01901721,-5.555512819
2,6,1,17.41360837,-7.16245089
2,6,1,17.93712562,-6.57899176
2,6,1,17.96851045,-5.819996067
2,6,1,17.06367998,-5.706691904
2,6,1,16.29266202,-5.297748086
2,6,1,16.85230427,-6.860609298
2,6,1,17.19498253,-5.653036137
2,6,1,16.46015088,-6.139487425
2,6,1,16.87703662,-5.318645448
2,6,1,16.14600052,-6.985902305
2,6,1,18.19111009,-7.02631304
2,6,1,17.04022684,-5.759238818
2,6,1,16.43247862,-7.309288289
2,6,1,16.99813476,-5.162922936
2,6,1,18.5311551,-6.495989237
2,6,1,16.50027686,-4.955557623
2,6,1,19.34762464,-5.536058177
2,6,1,16.77791877,-5.586379864
2,6,1,17.45925327,-7.337091207
2,6,1,17.09745492,-6.89539292
2,6,1,17.34666022,-6.250064659
2,6,1,17.44981986,-6.554503353
2,6,1,17.58009664,-6.193588266
2,6,1,16.78424643,-6.54119833
2,6,1,16.09203514,-6.028048065
2,6,1,17.51817165,-5.651963755
2,6,1,16.97598542,-5.680916449
2,6,1,18.48138865,-4.707994918
2,6,1,16.75443826,-7.434194886
2,6,1,17.39015952,-4.888124637
2,6,1,16.87202012,-6.782883484
2,6,1,17.76215093,-6.917408172
2,6,1,16.14962466,-6.582402375
2,6,1,17.55688709,-6.2691311
2,6,1,17.4604943,-6.885886002
2,6,1,15.01312913,-6.719986218
2,6,1,17.48420964,-6.371040868
2,6,1,15.85752461,-5.683381554
2,6,1,15.12123232,-6.370966768
2,6,1,18.09597057,-5.371913539
2,6,1,17.55647344,-5.567973465
2,6,1,17.31744238,-5.168744093
2,6,1,17.74654858,-5.188218891
2,6,1,16.90518834,-5.997520149
2,6,1,17.02929851,-4.373038323
2,6,1,17.24216342,-7.244253439
2,6,1,16.9664664,-5.701834589
2,6,1,16.43690349,-5.569492786
2,6,1,17.44519638,-5.27503536
2,6,1,16.04375381,-5.545345146
2,6,1,15.79188142,-5.886509683
2,6,1,16.9626442,-6.260871936
2,6,1,17.33882492,-5.98548367
2,6,1,16.55240644,-6.504922683
2,6,1,16.14209578,-4.153510323
2,6,1,17.70056418,-5.982956077
2,6,1,17.02378694,-5.72274778
2,6,1,16.51833969,-5.917693305
2,6,1,16.14544264,-6.607532472
2,6,1,16.75132748,-5.708598765
2,6,1,16.95705634,-5.71803487
2,6,1,17.75948504,-4.476991908
2,6,1,17.15981188,-5.15260246
2,6,1,18.81111828,-5.408614708
2,6,1,16.8677863,-6.070762719
2,6,1,17.51082065,-5.831692807
2,6,1,15.85366947,-5.475397556
2,6,1,18.77933869,-5.890979681
2,6,1,16.89735327,-6.582955561
2,6,1,17.29277641,-5.70634759
2,6,1,16.60402577,-6.063461413
2,6,1,18.72004465,-5.784301529
2,6,1,16.87614915,-6.99402127
2,6,1,16.42125265,-4.756259621
2,6,1,16.98472234,-5.275362296
2,6,1,17.63626035,-5.052617544
2,6,1,17.64819946,-7.420115829
2,6,1,18.32896572,-5.94172821
2,6,1,16.5343946,-7.415321048
2,6,1,16.50092105,-6.179421424
2,6,1,17.34610429,-6.259383786
2,6,1,17.38710659,-6.530687947
2,6,1,17.05968134,-7.925471638
2,6,1,16.89478517,-5.846064224
2,6,1,15.25589545,-4.328041976
2,6,1,17.81419739,-6.908055117
2,6,1,17.20375799,-6.51725653
2,6,1,16.2764129,-6.084060716
2,6,1,16.39972184,-5.735310075
2,6,1,16.91739867,-6.326037507
2,6,1,18.13436589,-5.85533207
2,6,1,16.83372703,-5.553439869
2,6,1,17.0856369,-7.19851438
2,6,1,17.94971901,-6.093517567
2,6,1,18.08780488,-7.551023523
2,6,1,16.5165838,-4.357399797
2,6,1,16.94781023,-8.131078376
2,6,1,18.33151959,-5.510207028
2,6,1,15.72097176,-6.253971578
2,6,1,18.44413525,-5.968498196
2,6,1,15.82898863,-7.566505561
2,6,1,16.66630685,-6.942658897
2,6,1,16.19413842,-3.94562648
2,6,1,16.95414444,-5.6078099
2,6,1,17.5642651,-7.308463985
2,6,1,16.38821104,-5.892722911
2,6,1,17.04075802,-5.760742983
2,6,1,17.49528893,-6.159651097
2,6,1,16.65105902,-6.938249536
2,6,1,17.71932976,-5.298675566
2,6,1,16.8323542,-6.652885472
2,6,1,17.35667569,-6.326864251
2,6,1,16.72123068,-6.834605111
2,6,1,16.9358186,-4.981875946
2,6,1,16.84355738,-5.676073816
2,6,1,17.36516381,-6.332018438
2,6,1,16.15549761,-5.90099582
2,6,1,18.76270427,-5.781099549
2,6,1,18.13580932,-6.21132729
2,6,1,17.11448723,-6.610283724
2,6,1,17.57518655,-6.312674651
2,6,1,17.01961307,-5.381246713
2,6,1,17.03814984,-5.26479152
2,6,1,16.38826682,-4.84410963
2,6,1,17.16919417,-6.373364645
2,6,1,16.43131878,-4.782760601
2,6,1,16.62318772,-5.331067598
2,6,1,16.17200701,-7.79781545
2,6,1,16.00477217,-5.6872305
2,6,1,15.93992361,-5.054978504
2,6,1,16.55416683,-6.439772933
2,6,1,17.52119873,-5.809979178
2,6,1,17.71059034,-6.489439587
2,6,1,16.81951516,-6.787430017
2,6,1,17.51699769,-7.591250654
2,6,1,16.31941827,-6.870336239
2,6,1,16.70723156,-5.270175571
2,6,1,16.580246,-5.69619078
2,6,1,16.55349523,-5.858279863
2,6,1,17.39077285,-6.972800878
2,6,1,16.64679913,-6.267235067
2,6,1,17.31756804,-6.313078272
2,6,1,16.8211922,-6.46251324
2,6,1,16.51701329,-6.756134842
2,6,1,17.46597291,-4.738779975
2,6,1,17.14726919,-5.540841951
2,6,1,18.26958586,-7.075262014
2,6,1,17.90565503,-7.624859822
2,6,1,16.58938753,-5.952050395
2,6,1,16.76147359,-4.097538761
2,6,1,17.46854941,-5.90591743
2,6,1,17.17820755,-6.395226512
2,6,1,17.77398062,-5.146135821
2,6,1,17.64106591,-6.561228849
2,6,1,16.2521436,-6.769271981
2,6,1,16.40633776,-5.516464063
2,6,1,16.71562793,-5.646225284
2,6,1,16.43944941,-6.18959302
2,6,1,16.87287475,-5.819236953
2,6,1,17.67461201,-6.455034074
2,6,1,15.98785139,-4.934282727
2,6,1,17.30898046,-6.413614895
2,6,1,17.08030705,-8.219450671
2,6,1,16.78349155,-6.778107555
2,6,1,17.08406878,-5.911241045
2,6,1,16.97785325,-5.487786328
2,6,1,17.65249983,-5.558160012
2,6,1,17.37315666,-6.898714099
2,6,1,17.83454603,-5.203628612
2,6,1,17.06311878,-6.060969453
2,6,1,16.13579707,-6.568675701
2,6,1,16.60114073,-6.746460083
2,6,1,17.71724161,-5.969869964
2,6,1,17.91980158,-5.814515152
2,6,1,17.99389681,-6.486953628
2,6,1,15.84373398,-4.896998808
2,6,1,15.73798578,-5.390818974
2,6,1,18.43878724,-5.907753616
2,6,1,16.76809632,-5.677688414
2,6,1,16.35193901,-6.338614501
2,6,1,17.86911261,-4.922042868
2,6,1,18.54316674,-5.400119835
2,6,1,16.29311012,-5.076908842
2,6,1,16.44544985,-5.605960727
2,6,1,16.41427959,-5.299154
2,6,1,18.45387926,-6.156009674
2,6,1,17.59287889,-7.151966651
2,6,1,16.59153305,-5.785619217
2,6,1,17.94493177,-5.390240453
2,6,1,17.10415433,-6.10061764
2,6,1,15.84128644,-6.884293378
2,6,1,16.71220384,-6.029659725
2,6,1,17.05701124,-7.300498019
2,6,1,16.82449726,-7.576720977
2,6,1,16.55950705,-7.711577162
2,6,1,17.84876373,-5.440444768
2,6,1,17.13332095,-6.355414756
2,6,1,17.49933466,-7.901939432
2,6,1,16.79309444,-6.543393841
2,6,1,16.05695259,-6.079280156
2,6,1,18.36043914,-5.718795005
2,6,1,16.06434379,-5.550492284
2,6,1,17.53703125,-6.119385162
2,6,1,16.76069539,-6.109496097
2,6,1,17.20086573,-5.170324994
2,6,1,17.56422441,-6.971116352
2,6,1,17.40583456,-6.841360572
2,6,1,16.82421605,-7.398442187
2,6,1,17.73301063,-5.416371258
2,6,1,16.68352674,-6.582700751
2,6,1,17.90836831,-4.647905307
2,6,1,17.61768266,-7.415049948
2,6,1,17.59649235,-5.189581411
2,6,1,15.72990679,-5.27416793
2,6,1,16.48282278,-5.207292891
2,6,1,16.65604844,-5.543662388
2,6,1,16.36023633,-6.06931075
2,6,1,17.17395386,-6.075238891
2,6,1,16.0600173,-5.507701345
2,6,1,16.2054011,-6.279691593
2,6,1,15.69431059,-6.007678243
2,6,1,16.41731916,-6.074068716
2,6,1,16.13099898,-5.582549182
2,6,1,18.0141086,-5.846735708
2,6,1,16.83948736,-5.407865638
2,6,1,17.63681506,-5.437549121
2,7,0,15.22797145,-11.95337115
2,7,0,15.35920569,-10.96826447
2,7,0,15.49033137,-11.16020348
2,7,0,15.24463693,-10.74629336
2,7,0,15.20106802,-11.01949502
2,7,0,14.286816,-10.57738122
2,7,0,15.02269716,-11.00416109
2,7,0,14.92853033,-11.61569717
2,7,0,15.47950873,-10.89151829
2,7,0,14.65099823,-10.79181656
2,7,0,14.44670144,-10.85650816
2,7,0,15.33012976,-12.01441177
2,7,0,14.37845834,-10.74430451
2,7,0,14.91787569,-11.11181051
2,7,0,14.36586092,-10.91651009
2,7,0,14.47928338,-11.41658386
2,7,0,14.6481299,-10.53241177
2,7,0,14.78143718,-11.74001492
2,7,0,14.92187237,-11.19751092
2,7,0,13.97052586,-10.86139904
2,7,0,15.60591746,-11.34961906
2,7,0,15.17141382,-10.89696022
2,7,0,14.64037882,-10.65118741
2,7,0,14.63015345,-11.16384019
2,7,0,15.01519636,-11.38112955
2,7,0,15.15486405,-10.59308341
2,7,0,14.60293178,-11.55261878
2,7,0,14.97303833,-11.57853318
2,7,0,14.73653259,-11.13029677
2,7,0,14.82875427,-11.67297837
2,7,0,15.14519443,-11.78004014
2,7,0,14.7445279,-11.34020333
2,7,0,14.42271502,-11.67145364
2,7,0,14.67916436,-10.99294543
2,7,0,14.63865885,-12.09667583
2,7,0,15.07385949,-11.53999322
2,7,0,15.30071432,-11.9273778
2,7,0,15.34936068,-12.00302107
2,7,0,14.51939353,-11.80747054
2,7,0,14.3123936,-11.05382557
2,7,0,14.98145377,-10.3878419
2,7,0,14.94826352,-11.31839168
2,7,0,14.35339732,-11.36200833
2,7,0,15.57737904,-10.58793088
2,7,0,15.40705448,-11.37008415
2,7,0,15.13830648,-10.83517628
2,7,0,14.57877082,-11.0210153
2,7,0,14.48380486,-11.28867044
2,7,0,14.90418926,-11.10772057
2,7,0,15.56251299,-11.30698189
2,7,0,14.32710299,-11.187668
2,7,0,14.44552125,-11.65898336
2,7,0,14.67600057,-10.91176155
2,7,0,14.02337588,-11.21803762
2,7,0,14.37217761,-11.31396744
2,7,0,15.36844091,-10.90982756
2,7,0,15.39343017,-11.50605991
2,7,0,14.99467973,-11.25334264
2,7,0,14.47789815,-11.82516445
2,7,0,14.90849543,-11.25765413
2,7,0,15.61442188,-11.36304676
2,7,0,14.96165976,-11.91166984
2,7,0,14.77182297,-10.98574732
2,7,0,14.40772913,-11.07916745
2,7,0,15.25010386,-11.07195319
2,7,0,15.18548843,-10.32639607
2,7,0,14.98094569,-11.72446445
2,7,0,14.80994382,-11.21943988
2,7,0,14.37515937,-11.4439509
2,7,0,14.50625294,-11.12778247
2,7,0,14.44424081,-11.51905335
2,7,0,14.56304528,-10.82845369
2,7,0,14.51483605,-11.35595691
2,7,0,14.2081163,-11.7519621
2,7,0,14.32800994,-11.74214122
2,7,0,14.49224806,-11.7797389
2,7,0,14.72654002,-11.17653735
2,7,0,14.61737787,-11.53830694
2,7,0,14.48817947,-11.07891021
2,7,0,14.70925835,-11.78551928
2,7,0,14.69164564,-10.68802902
2,7,0,14.67103277,-11.49414459
2,7,0,15.13784189,-10.84643174
2,7,0,14.59325037,-11.16804415
2,7,0,15.04571975,-11.56583074
2,7,0,15.36461396,-11.43186417
2,7,0,14.99252294,-10.9670646
2,7,0,14.78451313,-11.57578558
2,7,0,14.77563746,-11.41842209
2,7,0,14.86224499,-11.16101511
2,7,0,14.64769662,-11.78241382
2,7,0,15.48889958,-10.65530122
2,7,0,14.32394441,-11.83872871
2,7,0,14.79466002,-10.67357363
2,7,0,15.30569365,-10.76534329
2,7,0,15.45252086,-11.39010905
2,7,0,15.08497548,-10.56054769
2,7,0,15.22325261,-11.56563176
2,7,0,15.27921183,-11.36554315
2,7,0,14.89478814,-11.03118555
2,7,1,14.33856555,-13.18815735
2,7,1,13.44054566,-10.22566609
2,7,1,13.63484989,-11.47816387
2,7,1,13.06872278,-10.74736692
2,7,1,13.81914007,-11.4902655
2,7,1,12.85038232,-11.53277832
2,7,1,14.63753588,-10.98807474
2,7,1,13.09180894,-12.45724246
2,7,1,13.62512821,-12.11067021
2,7,1,13.24889639,-11.58638762
2,7,1,13.70229861,-12.24401066
2,7,1,14.67863285,-12.09509718
2,7,1,13.62490161,-11.31370718
2,7,1,13.9040627,-11.38364339
2,7,1,13.01972829,-11.94948639
2,7,1,13.16482569,-11.13977565
2,7,1,13.72202805,-12.04793598
2,7,1,13.74632339,-12.66182735
2,7,1,11.11155878,-10.9718531
2,7,1,13.96066593,-11.72954727
2,8,0,19.36813365,-12.41686156
2,8,0,18.91502055,-10.83359346
2,8,0,19.32241385,-10.86503544
2,8,0,19.1941334,-11.68170682
2,8,0,18.75355386,-10.96122686
2,8,0,18.97359461,-10.48949698
2,8,0,19.4583368,-10.77695205
2,8,0,19.52912259,-11.85211765
2,8,0,18.78503953,-11.63708405
2,8,0,18.83285448,-11.13945245
2,8,0,18.79946649,-11.24699975
2,8,0,19.22003285,-11.39079017
2,8,0,19.45646094,-11.41862345
2,8,0,19.0666841,-11.63403586
2,8,0,19.04825431,-11.16851434
2,8,0,18.92293572,-11.1981647
2,8,0,18.74008949,-11.17221664
2,8,0,19.10697608,-10.8853793
2,8,0,18.83453631,-11.15377179
2,8,0,18.87164518,-10.90673644
2,8,0,20.0432672,-11.25572578
2,8,0,19.77270331,-10.83369685
2,8,0,19.27325582,-11.05238032
2,8,0,19.8113174,-11.11779028
2,8,0,19.74242991,-11.40148467
2,8,0,19.29962778,-11.88576066
2,8,0,18.96249147,-11.33616506
2,8,0,18.75057606,-11.4174896
2,8,0,19.09354184,-10.81414671
2,8,0,19.09748613,-11.21952877
2,8,0,19.44977822,-11.59778247
2,8,0,19.57834878,-11.76106295
2,8,0,18.81418397,-11.69000216
2,8,0,19.22239121,-10.94166711
2,8,0,18.98621781,-10.59881459
2,8,0,19.10401976,-10.9598862
2,8,0,19.08394086,-10.86080239
2,8,0,19.31196435,-10.46568862
2,8,0,19.85970793,-10.71627037
2,8,0,19.2288164,-10.43793091
2,8,0,19.63290489,-10.57481054
2,8,0,18.89184715,-11.53516559
2,8,0,18.90114294,-11.7091362
2,8,0,18.54336974,-11.48351553
2,8,0,19.8353194,-10.64562161
2,8,0,18.88918573,-11.86972481
2,8,0,19.11447784,-11.6724478
2,8,0,18.72830899,-11.57510496
2,8,0,19.3222523,-10.96879676
2,8,0,19.0394819,-11.33107306
2,8,0,19.01411351,-11.32163862
2,8,0,19.23262472,-11.0267286
2,8,0,18.6847444,-10.67898987
2,8,0,19.01854334,-11.56329559
2,8,0,19.57720896,-10.92789659
2,8,0,19.08719515,-11.28752711
2,8,0,19.00609999,-11.0237782
2,8,0,20.0631145,-11.58790868
2,8,0,18.99424547,-10.61339006
2,8,0,19.35686706,-11.71190075
2,8,0,19.42774487,-11.69109139
2,8,0,19.36589587,-11.46736132
2,8,0,19.38528167,-11.53385216
2,8,0,19.34674839,-11.10899778
2,8,0,19.37764428,-11.45905158
2,8,0,19.12016026,-10.4618158
2,8,0,19.80283528,-11.7244417
2,8,0,18.52957286,-11.75935244
2,8,0,19.39071616,-10.99723878
2,8,0,19.77491315,-10.96179639
2,8,0,19.04980012,-11.17651452
2,8,0,19.34490246,-11.30664882
2,8,0,18.98746826,-11.36273028
2,8,0,19.26848878,-11.11687625
2,8,0,19.26756988,-12.03578179
2,8,0,19.17891199,-11.1946003
2,8,0,19.06423373,-10.95464808
2,8,0,19.93433525,-11.43350358
2,8,0,19.47865306,-11.48391146
2,8,0,19.54298654,-10.54832618
2,8,0,18.55263418,-11.57638244
2,8,0,19.16170523,-11.62868674
2,8,0,19.31990212,-11.34125249
2,8,0,18.99377632,-11.3850223
2,8,0,19.36618525,-11.35862273
2,8,0,18.68963865,-10.50348633
2,8,0,18.86465078,-11.86382131
2,8,0,19.79170593,-11.63286374
2,8,0,20.02985458,-10.89248486
2,8,0,19.44695404,-10.50853893
2,8,0,19.40880622,-10.66246718
2,8,0,19.67968149,-10.77284319
2,8,0,19.03370497,-10.85856301
2,8,0,19.44671563,-11.73020513
2,8,0,18.34985109,-11.545262
2,8,0,18.73028631,-11.61375187
2,8,0,19.06391459,-11.72473415
2,8,0,18.61624452,-11.27813774
2,8,0,19.26417298,-11.07483629
2,8,0,19.719774,-11.62953974
2,8,1,21.28544091,-11.53169658
2,8,1,19.85545362,-12.75406769
2,8,1,20.63170648,-11.5849366
2,8,1,20.34103721,-12.81784915
2,8,1,19.80881879,-11.8771511
2,8,1,20.60358204,-11.68549623
2,8,1,22.37789912,-12.79761422
2,8,1,19.56617684,-12.61245734
2,8,1,20.34776795,-12.15694753
2,8,1,21.04789735,-11.54912139
2,8,1,20.30201767,-10.46467885
2,8,1,17.93334475,-13.04711432
2,8,1,20.11625632,-11.11528591
2,8,1,20.81358645,-11.52581016
2,8,1,22.37758413,-11.9509535
2,8,1,20.31694524,-12.08742384
2,8,1,19.18740457,-10.38524978
2,8,1,21.07330201,-12.09499583
2,8,1,20.3513338,-11.86949361
2,8,1,20.10750038,-12.16983301
2,8,1,20.53952454,-12.69538026
2,8,1,19.71429761,-12.21001275
2,8,1,19.63124317,-12.8504461
2,8,1,19.92026805,-12.99384601
2,8,1,20.0400405,-11.34548582
2,8,1,19.77268126,-13.42304055
2,8,1,20.27481401,-11.84773717
2,8,1,20.1045858,-11.9732752
2,8,1,21.51058078,-11.35675282
2,8,1,21.9335663,-12.20303578
2,8,1,18.58513451,-11.02875841
2,8,1,21.13911532,-13.69079808
2,8,1,20.68444976,-12.65448092
2,8,1,22.33705272,-11.81676166
2,8,1,20.33280296,-11.51707496
2,8,1,20.94416387,-12.59158895
2,8,1,20.70225284,-11.71335516
2,8,1,21.04304095,-12.68579219
2,8,1,20.08791413,-13.15381328
2,8,1,19.15926749,-13.29187055
2,8,1,20.46842709,-12.26003422
2,8,1,20.62732971,-11.01146627
2,8,1,19.87607093,-10.8532214
2,8,1,21.20867567,-14.3914776
2,8,1,19.51882042,-12.30005948
2,8,1,20.59886964,-11.72913363
2,8,1,20.11865413,-12.36868422
2,8,1,21.02061398,-12.79019299
2,8,1,20.29799916,-11.96932392
2,8,1,21.61551167,-11.68872847
2,8,1,21.97901093,-11.32663529
2,8,1,20.43010341,-11.52726177
2,8,1,21.03821812,-13.26546082
2,8,1,20.96342175,-11.71480319
2,8,1,21.73352186,-12.30508085
2,8,1,20.89210118,-14.11559165
2,8,1,19.20569769,-11.99249733
2,8,1,20.05441222,-11.25943379
2,8,1,20.28446721,-12.51560861
2,8,1,21.17046726,-11.65267721
2,8,1,19.97803718,-12.36316377
2,8,1,20.42590825,-12.73536584
2,8,1,19.84830086,-11.55971525
2,8,1,20.51007209,-12.08140198
2,8,1,20.50443186,-10.79492554
2,8,1,19.54756425,-11.70417374
2,8,1,20.66788672,-10.76303874
2,8,1,20.37320984,-11.59901608
2,8,1,20.56557419,-10.67105816
2,8,1,21.73802088,-11.50528601
2,8,1,20.14381083,-13.09889273
2,8,1,21.88233851,-12.0247556
2,8,1,20.63252789,-12.09396985
2,8,1,22.1365773,-11.90863724
2,8,1,20.37528598,-11.70892346
2,8,1,20.98210341,-11.68887589
2,8,1,21.5225943,-13.34971385
2,8,1,20.48738553,-12.90072415
2,8,1,20.11627893,-12.32428481
2,8,1,20.23140949,-12.66701013
2,8,1,19.22297797,-12.50251549
2,8,1,20.99277291,-10.99485619
2,8,1,20.43320937,-12.40434221
2,8,1,20.17374119,-12.4399747
2,8,1,21.02093378,-12.67770995
2,8,1,19.91250169,-12.07259365
2,8,1,22.06140566,-12.35972096
2,8,1,20.21181121,-13.42087257
2,8,1,19.81253078,-11.40662424
2,8,1,19.52156256,-13.34485818
2,8,1,20.92310495,-11.46907216
2,8,1,19.39199512,-12.30922231
2,8,1,20.55510913,-12.06015577
2,8,1,21.26421427,-13.20098115
2,8,1,20.16859059,-11.67374252
2,8,1,20.19587395,-12.15295802
2,8,1,20.64211549,-11.18670815
2,8,1,19.81710362,-13.02867985
2,8,1,20.55570727,-12.22667233
2,8,1,20.6544671,-12.50361134
2,8,1,21.47303204,-12.03913069
2,8,1,18.97064733,-13.359273
2,8,1,21.56100741,-10.78923799
2,8,1,18.35327672,-12.65171574
2,8,1,21.03470232,-11.66406468
2,8,1,20.48233145,-12.72054311
2,8,1,20.87767071,-12.55701206
2,8,1,20.73591134,-11.78348773
2,8,1,19.71574104,-13.27643116
2,8,1,21.02655884,-12.30885008
2,8,1,21.54913614,-12.3765558
2,8,1,20.85175449,-12.64574149
2,8,1,20.20552066,-12.01721134
2,8,1,20.33345847,-11.42160619
2,8,1,21.64053017,-12.44810769
2,8,1,20.80571271,-11.21536248
2,8,1,21.26594516,-11.59317173
2,8,1,20.16851028,-10.92885722
2,8,1,21.59530226,-13.8984978
2,8,1,22.05375926,-12.06460152
2,8,1,21.12639773,-10.97991028
2,8,1,18.272647,-11.82659902
2,8,1,20.6095249,-12.77599834
2,8,1,19.95385744,-11.95868995
2,8,1,19.66840732,-10.81811881
2,8,1,20.48628693,-12.08610851
2,8,1,20.92864627,-11.44187119
2,8,1,20.2302879,-11.55914607
2,8,1,20.45307488,-12.36400819
2,8,1,20.67107439,-12.25874823
2,8,1,19.59683935,-13.23500107
2,8,1,22.2107393,-11.91725495
2,8,1,20.27194692,-13.96122224
2,8,1,19.04337988,-12.54348003
2,8,1,22.4013794,-11.62613518
2,8,1,19.79213017,-11.25990381
2,8,1,21.32149258,-13.46892238
2,8,1,19.27733657,-12.07346926
2,8,1,19.977014,-12.49780586
2,8,1,20.4920759,-12.08554008
2,8,1,19.37607893,-13.4636355
2,8,1,19.73606117,-12.42728246
2,8,1,21.69136281,-12.37024533
2,8,1,21.09403033,-10.65886623
2,8,1,21.4391948,-12.1958319
2,8,1,20.59062266,-11.03613757
2,8,1,21.51603011,-11.88599093
2,8,1,20.48811345,-10.73075662
2,8,1,20.46050964,-11.84299149
2,8,1,20.36730114,-12.39862458
